CREATE DATABASE  IF NOT EXISTS `pizzaapp` /*!40100 DEFAULT CHARACTER SET utf8 */;
USE `pizzaapp`;
-- MySQL dump 10.13  Distrib 8.0.31, for Win64 (x86_64)
--
-- Host: localhost    Database: pizzaapp
-- ------------------------------------------------------
-- Server version	5.7.36

/*!40101 SET @OLD_CHARACTER_SET_CLIENT=@@CHARACTER_SET_CLIENT */;
/*!40101 SET @OLD_CHARACTER_SET_RESULTS=@@CHARACTER_SET_RESULTS */;
/*!40101 SET @OLD_COLLATION_CONNECTION=@@COLLATION_CONNECTION */;
/*!50503 SET NAMES utf8 */;
/*!40103 SET @OLD_TIME_ZONE=@@TIME_ZONE */;
/*!40103 SET TIME_ZONE='+00:00' */;
/*!40014 SET @OLD_UNIQUE_CHECKS=@@UNIQUE_CHECKS, UNIQUE_CHECKS=0 */;
/*!40014 SET @OLD_FOREIGN_KEY_CHECKS=@@FOREIGN_KEY_CHECKS, FOREIGN_KEY_CHECKS=0 */;
/*!40101 SET @OLD_SQL_MODE=@@SQL_MODE, SQL_MODE='NO_AUTO_VALUE_ON_ZERO' */;
/*!40111 SET @OLD_SQL_NOTES=@@SQL_NOTES, SQL_NOTES=0 */;

--
-- Table structure for table `cargos`
--

DROP TABLE IF EXISTS `cargos`;
/*!40101 SET @saved_cs_client     = @@character_set_client */;
/*!50503 SET character_set_client = utf8mb4 */;
CREATE TABLE `cargos` (
  `id_cargo` int(10) unsigned NOT NULL AUTO_INCREMENT,
  `cargo` varchar(191) COLLATE utf8mb4_unicode_ci NOT NULL,
  `created_at` timestamp NULL DEFAULT NULL,
  `updated_at` timestamp NULL DEFAULT NULL,
  `deleted_at` timestamp NULL DEFAULT NULL,
  PRIMARY KEY (`id_cargo`)
) ENGINE=MyISAM AUTO_INCREMENT=5 DEFAULT CHARSET=utf8mb4 COLLATE=utf8mb4_unicode_ci;
/*!40101 SET character_set_client = @saved_cs_client */;

--
-- Dumping data for table `cargos`
--

LOCK TABLES `cargos` WRITE;
/*!40000 ALTER TABLE `cargos` DISABLE KEYS */;
INSERT INTO `cargos` VALUES (1,'Não Informado','2023-06-20 19:24:00','2023-06-20 19:24:00',NULL),(2,'asd asd asd','2023-06-20 19:24:00','2023-06-20 19:24:00',NULL),(3,'fsdfsd fsdf sd','2023-06-20 19:24:00','2023-06-20 19:24:00',NULL),(4,'afasf sdf sdfsdfsd','2023-06-20 19:24:00','2023-06-20 19:24:00',NULL);
/*!40000 ALTER TABLE `cargos` ENABLE KEYS */;
UNLOCK TABLES;

--
-- Table structure for table `clientes`
--

DROP TABLE IF EXISTS `clientes`;
/*!40101 SET @saved_cs_client     = @@character_set_client */;
/*!50503 SET character_set_client = utf8mb4 */;
CREATE TABLE `clientes` (
  `id_cliente` int(10) unsigned NOT NULL AUTO_INCREMENT,
  `nome` varchar(100) COLLATE utf8mb4_unicode_ci NOT NULL,
  `ddd` char(3) COLLATE utf8mb4_unicode_ci NOT NULL DEFAULT '11',
  `celular` varchar(191) COLLATE utf8mb4_unicode_ci NOT NULL,
  `email` varchar(191) COLLATE utf8mb4_unicode_ci DEFAULT NULL,
  `observacoes` text COLLATE utf8mb4_unicode_ci,
  `created_at` timestamp NULL DEFAULT NULL,
  `updated_at` timestamp NULL DEFAULT NULL,
  `deleted_at` timestamp NULL DEFAULT NULL,
  PRIMARY KEY (`id_cliente`)
) ENGINE=MyISAM AUTO_INCREMENT=301 DEFAULT CHARSET=utf8mb4 COLLATE=utf8mb4_unicode_ci;
/*!40101 SET character_set_client = @saved_cs_client */;

--
-- Dumping data for table `clientes`
--

LOCK TABLES `clientes` WRITE;
/*!40000 ALTER TABLE `clientes` DISABLE KEYS */;
INSERT INTO `clientes` VALUES (1,'Natan','11','(55) 92658-4180','danilo.rangel@yahoo.com','Voluptatem voluptate quaerat eveniet quia. Fugit sunt temporibus ipsam eum velit velit dolorem.','2023-06-27 17:00:50','2023-06-27 17:00:50',NULL),(2,'Gian','11','(73) 2577-1537','gsantiago@marin.net.br','Nesciunt dolorem libero unde veritatis minima. Cum quo alias iusto earum error fugit laboriosam quo. Repellendus a aperiam deleniti laborum incidunt. Magni tempore perferendis magnam odit iure delectus et maxime.','2023-06-27 17:00:50','2023-06-27 17:00:50',NULL),(3,'Vanessa','11','(14) 91301-1320','fabiano.rocha@franco.net','Aut cumque necessitatibus labore voluptates consequatur sed non omnis. At et magnam dolorum incidunt est. Et et voluptates fugiat error. Quia iure doloremque exercitationem totam qui rem.','2023-06-27 17:00:50','2023-06-27 17:00:50',NULL),(4,'Moisés','11','(38) 2014-2900','mariana.meireles@fidalgo.net','Alias enim quis esse similique ducimus illum. Sit incidunt accusantium soluta eum. Mollitia reiciendis doloremque non dignissimos magnam possimus. Dolorum eius est placeat.','2023-06-27 17:00:50','2023-06-27 17:00:50',NULL),(5,'Thalia','11','(32) 96471-0293','ksaraiva@uol.com.br','Ex dolore ipsum molestiae commodi quam voluptas repellendus. Aliquid illo architecto atque vel et dicta ut suscipit. Officiis optio itaque labore.','2023-06-27 17:00:50','2023-06-27 17:00:50',NULL),(6,'Martinho','11','(14) 99413-8049','soto.helena@faro.org','Id rerum omnis commodi impedit ut ex culpa. Assumenda et ipsum voluptas harum qui et non. Fugit fuga quo nihil et hic et. Ut fuga eveniet vero vero laudantium quam sit.','2023-06-27 17:00:50','2023-06-27 17:00:50',NULL),(7,'Laís','11','(42) 94411-1812','adarosa@desouza.com.br','Culpa nemo libero commodi officia assumenda eveniet. Ut sint eum tempore omnis hic officiis. Aut nisi voluptatibus ea qui cum impedit dolor.','2023-06-27 17:00:50','2023-06-27 17:00:50',NULL),(8,'Heitor','11','(64) 94114-7392','cintia48@uol.com.br','Beatae possimus aliquam qui soluta voluptas perspiciatis. Cumque vero officia eveniet quam voluptatibus ea. Ratione rerum ipsa ut eligendi.','2023-06-27 17:00:50','2023-06-27 17:00:50',NULL),(9,'Yasmin','11','(33) 2595-6064','yzambrano@valdez.br','Facilis repellendus provident sed laborum vel. Quibusdam at perferendis qui omnis et fugit. Exercitationem ullam pariatur beatae dolor.','2023-06-27 17:00:50','2023-06-27 17:00:50',NULL),(10,'Augusto','11','(92) 3607-3172','allison.goncalves@rios.com.br','Pariatur doloremque facere at et itaque. Repellendus doloremque pariatur molestias sint id consequuntur. Et at ut soluta voluptas qui sint nemo.','2023-06-27 17:00:50','2023-06-27 17:00:50',NULL),(11,'William','11','(77) 93531-8386','raranda@r7.com','Eos soluta odio neque et. Ipsa asperiores ut explicabo quis rerum. Quo ut autem ut numquam incidunt perferendis. Laudantium aut fuga aspernatur ut consequatur.','2023-06-27 17:00:50','2023-06-27 17:00:50',NULL),(12,'Antonieta','11','(24) 2668-8705','gean49@abreu.com.br','Necessitatibus numquam excepturi vitae architecto. Impedit occaecati odit assumenda enim aut non. Deserunt atque nesciunt adipisci reprehenderit.','2023-06-27 17:00:50','2023-06-27 17:00:50',NULL),(13,'Raphael','11','(95) 93862-7724','feliciano.isadora@gmail.com','Qui vel maiores neque beatae. Ea temporibus facere consequatur accusamus labore aut aut maiores. Nemo dolores laborum rerum. Voluptas voluptatem ut autem autem nostrum.','2023-06-27 17:00:50','2023-06-27 17:00:50',NULL),(14,'Marco','11','(47) 3599-0400','arodrigues@gmail.com','Assumenda aut veniam quia ipsam deleniti. Doloribus architecto fugit aut perferendis consequatur. Aspernatur porro non mollitia eligendi occaecati dolorem accusamus. Excepturi maxime excepturi culpa rerum.','2023-06-27 17:00:50','2023-06-27 17:00:50',NULL),(15,'Constância','11','(92) 3450-2185','pontes.evandro@ferreira.net','Assumenda perspiciatis qui magni soluta repellendus porro id. Ex ut explicabo tenetur praesentium tenetur qui rerum impedit.','2023-06-27 17:00:50','2023-06-27 17:00:50',NULL),(16,'Eva','11','(38) 3242-2760','tsolano@gmail.com','Sint et quo suscipit tempore. Minima incidunt libero laboriosam. Voluptas asperiores qui quos aperiam iusto ad.','2023-06-27 17:00:50','2023-06-27 17:00:50',NULL),(17,'Ziraldo','11','(46) 93101-6467','livia.tamoio@pontes.br','Blanditiis sapiente aut cupiditate. Facere cum et earum non optio qui excepturi ducimus. Impedit dolorum molestiae dolorum minima. Et accusamus quia qui.','2023-06-27 17:00:50','2023-06-27 17:00:50',NULL),(18,'Raphael','11','(22) 2888-0560','montenegro.adriano@r7.com','Soluta eaque odio earum. Expedita quidem qui et odit porro quia. Numquam eos et ex sunt quae. Ut repudiandae neque dignissimos ut doloremque est.','2023-06-27 17:00:50','2023-06-27 17:00:50',NULL),(19,'Janaina','11','(99) 93996-2358','luciano00@deaguiar.com','Debitis tempore iusto deserunt qui molestiae mollitia. Ipsum pariatur ipsa voluptatum placeat similique cupiditate. Repudiandae maxime facilis cumque et repellendus id.','2023-06-27 17:00:50','2023-06-27 17:00:50',NULL),(20,'Aline','11','(99) 4937-4595','sebastiao.zaragoca@yahoo.com','Quia ut sit et adipisci dolorem odit. Quia cumque cupiditate autem deleniti sint in eaque corporis. Fuga incidunt odio veniam aut ut. Officia ratione nihil ipsam saepe explicabo repellendus eveniet.','2023-06-27 17:00:50','2023-06-27 17:00:50',NULL),(21,'Caroline','11','(15) 97510-3954','natan52@hotmail.com','Repudiandae delectus maxime et. Recusandae ipsum libero enim sapiente voluptatibus rerum voluptatem. Suscipit sit autem qui corporis. Nostrum est ullam officia dolorem ipsa voluptatem pariatur.','2023-06-27 17:00:50','2023-06-27 17:00:50',NULL),(22,'Alexandre','11','(16) 90577-6604','espinoza.danielle@fontes.com','Pariatur qui laborum aut quas rerum et aliquam eos. Nam unde ipsum aut. Qui et voluptates velit debitis error ab. Quia quia nostrum cumque quis laudantium ut.','2023-06-27 17:00:50','2023-06-27 17:00:50',NULL),(23,'Cristian','11','(53) 93423-6245','cezar62@ig.com.br','Et autem sint nisi qui doloribus et. Et architecto sunt explicabo. Optio totam reiciendis ipsam ut necessitatibus.','2023-06-27 17:00:50','2023-06-27 17:00:50',NULL),(24,'Lorenzo','11','(42) 97659-8024','marinho.laiane@fontes.br','Eius quo eum rem. Itaque ea unde aspernatur dicta qui reprehenderit. Sed minima sit reiciendis eum debitis aut magnam. Adipisci excepturi et tenetur ut voluptas earum.','2023-06-27 17:00:50','2023-06-27 17:00:50',NULL),(25,'Ian','11','(33) 2207-8703','samanta.reis@hotmail.com','Exercitationem voluptatem quibusdam recusandae natus repudiandae nisi. Est vel voluptas molestiae aliquam et ut. Sed tenetur placeat nihil laboriosam dignissimos. Velit aut saepe neque eius voluptas nam.','2023-06-27 17:00:50','2023-06-27 17:00:50',NULL),(26,'Marcos','11','(61) 2312-4777','italo.padrao@vega.com.br','Similique aspernatur nobis id sed. Dolor blanditiis debitis iure facere fuga quam. Animi aut deleniti at asperiores.','2023-06-27 17:00:50','2023-06-27 17:00:50',NULL),(27,'Ítalo','11','(88) 2322-8941','dasdores.ariana@terra.com.br','A quos itaque inventore quia. Dicta est id est consectetur quia molestiae eligendi eaque. Id consequatur voluptatem explicabo quia. Itaque maxime officia maiores distinctio possimus voluptatem voluptas. Ratione et quibusdam porro at.','2023-06-27 17:00:50','2023-06-27 17:00:50',NULL),(28,'Diogo','11','(45) 4417-2856','noel19@ig.com.br','Atque est ducimus voluptatem commodi. Sed unde nobis consectetur ullam. Autem sint nisi sit aut ut ab assumenda.','2023-06-27 17:00:50','2023-06-27 17:00:50',NULL),(29,'Danilo','11','(28) 3304-1931','ohana.martines@amaral.com','Distinctio velit illum occaecati omnis est. Asperiores quis et quibusdam ex dignissimos dolore et. Asperiores ex quibusdam sit qui sit. Qui dolores dolores doloribus et sunt omnis possimus.','2023-06-27 17:00:50','2023-06-27 17:00:50',NULL),(30,'Emiliano','11','(62) 95408-0579','kvalente@uol.com.br','Natus porro dignissimos porro. Suscipit est aliquid eligendi quaerat quod voluptatum. Consequatur eum non nemo fugiat dolorem. Dignissimos hic in non et esse libero amet.','2023-06-27 17:00:50','2023-06-27 17:00:50',NULL),(31,'Cauan','11','(41) 96180-2383','rbatista@r7.com','Voluptatem et autem eveniet temporibus ab nihil voluptatum. Reiciendis voluptatem quis quo libero id et pariatur nulla.','2023-06-27 17:00:50','2023-06-27 17:00:50',NULL),(32,'Isabel','11','(87) 4451-2251','jacomo78@ig.com.br','Laudantium cum repudiandae tenetur enim. Amet quas quasi rerum deleniti ab temporibus. Et neque non est aut delectus. Optio aut voluptatem delectus eos et perferendis animi. Voluptatem nemo ipsa est recusandae dolor eveniet sunt.','2023-06-27 17:00:50','2023-06-27 17:00:50',NULL),(33,'Luana','11','(89) 97112-5151','rebeca54@gmail.com','Voluptatibus dolores et cumque necessitatibus ea et ducimus. Expedita nulla hic molestiae nam labore non. Modi dicta aut libero ipsum sapiente ut sunt.','2023-06-27 17:00:50','2023-06-27 17:00:50',NULL),(34,'Agostinho','11','(16) 4567-3878','ygrego@r7.com','Consequatur et sit harum sed saepe. Rerum ut aut cumque nostrum ut magnam omnis. Distinctio distinctio ut nobis temporibus expedita.','2023-06-27 17:00:50','2023-06-27 17:00:50',NULL),(35,'Raysa','11','(49) 3003-3719','fontes.maicon@yahoo.com','Sequi quibusdam quis similique et cupiditate et temporibus. Iste voluptas pariatur atque omnis labore similique distinctio. Voluptas omnis laborum dolores omnis.','2023-06-27 17:00:50','2023-06-27 17:00:50',NULL),(36,'Kelly','11','(11) 3617-5601','mario.faria@ortega.net','Esse cupiditate quia aut. Quod vel repudiandae ea enim eligendi iusto maxime. Quas vel dolor totam voluptas assumenda ipsam veritatis amet. Inventore pariatur cumque inventore pariatur consequatur rem.','2023-06-27 17:00:50','2023-06-27 17:00:50',NULL),(37,'Fabiano','11','(28) 2189-1195','lbeltrao@r7.com','Et quidem velit at perferendis. Culpa qui dolores vel dolorem quisquam eveniet provident. Architecto ipsa minus id iusto et. Consequatur ad velit eligendi voluptatem corrupti.','2023-06-27 17:00:50','2023-06-27 17:00:50',NULL),(38,'Enzo','11','(69) 2553-2970','pablo.gusmao@dasneves.br','Consectetur ut dolore blanditiis omnis voluptate. Laboriosam id eligendi dolore molestiae consectetur sunt omnis ex.','2023-06-27 17:00:50','2023-06-27 17:00:50',NULL),(39,'Denise','11','(46) 2412-3206','benites.betina@barros.com','Sed a dicta consectetur quasi natus pariatur. Nihil mollitia ipsa consequatur temporibus expedita. Dolorum aut tempore aspernatur aut quasi qui aliquid. Voluptatem quia alias enim dolorem qui.','2023-06-27 17:00:50','2023-06-27 17:00:50',NULL),(40,'Maiara','11','(91) 3812-8201','aragao.tomas@ig.com.br','Aut necessitatibus voluptas aspernatur est et. Aut quam minus qui.','2023-06-27 17:00:50','2023-06-27 17:00:50',NULL),(41,'Stella','11','(69) 93898-6442','estrada.juliane@uol.com.br','Neque aliquam sed modi. Qui accusamus veritatis rerum molestiae omnis. Accusamus laboriosam nisi rerum et recusandae reprehenderit.','2023-06-27 17:00:50','2023-06-27 17:00:50',NULL),(42,'Gabrielle','11','(28) 3922-2057','pablo37@terra.com.br','Omnis quos repellat quod unde. Sint libero aut rerum incidunt ad expedita nobis ipsam. Harum nihil quidem ipsam eos hic molestiae.','2023-06-27 17:00:50','2023-06-27 17:00:50',NULL),(43,'Danilo','11','(46) 2484-8212','valentin.vinicius@terra.com.br','Labore vitae est impedit hic. Vitae reprehenderit unde mollitia asperiores. Laboriosam qui nesciunt quis ipsum voluptatem quos similique est. Exercitationem sint cumque rerum. Voluptatem aut laboriosam minima ad iusto rerum et.','2023-06-27 17:00:50','2023-06-27 17:00:50',NULL),(44,'Paloma','11','(21) 2489-0576','dasneves.evandro@verdugo.com.br','Neque esse voluptatem qui consectetur omnis. Deserunt non rerum magni nesciunt non. Eveniet nemo ad et dolores modi. Eaque optio temporibus qui deleniti.','2023-06-27 17:00:50','2023-06-27 17:00:50',NULL),(45,'Cynthia','11','(51) 98298-7344','sophie.dacruz@terra.com.br','Delectus cumque est quas ex quibusdam. Voluptas vel ea quia eius repudiandae. Voluptatem quo vero maiores fuga. Molestiae a voluptatem ullam excepturi quia est fuga. Quo earum voluptatem exercitationem voluptas quia reiciendis.','2023-06-27 17:00:50','2023-06-27 17:00:50',NULL),(46,'Nicole','11','(47) 93394-4866','galhardo.lilian@saito.br','Eius est architecto nihil veniam. Esse et labore illum ut cumque minus quia consequatur. Hic omnis vel deleniti qui incidunt voluptas quia.','2023-06-27 17:00:50','2023-06-27 17:00:50',NULL),(47,'Marco','11','(99) 4998-7674','allison23@hotmail.com','Eum temporibus molestias debitis accusamus aperiam et alias atque. Repellat doloremque nihil nesciunt eum illum deserunt similique. Dolorem ratione aspernatur voluptatem eveniet possimus.','2023-06-27 17:00:50','2023-06-27 17:00:50',NULL),(48,'Bernardo','11','(84) 91806-0827','pestrada@uol.com.br','Quasi culpa reiciendis totam alias. Dolor non sunt ipsam est consectetur sequi. Ex velit corrupti tempora pariatur. Delectus quis aut odio fugit.','2023-06-27 17:00:50','2023-06-27 17:00:50',NULL),(49,'Louise','11','(67) 91762-7356','pmadeira@ig.com.br','Sed quisquam enim odio aut tempore quia odio laudantium. Numquam consequatur debitis porro dolores mollitia. Est quo qui sapiente. Illum nam vero sed necessitatibus beatae animi.','2023-06-27 17:00:50','2023-06-27 17:00:50',NULL),(50,'Lavínia','11','(41) 3806-5100','daiana57@arruda.com','Corrupti mollitia et perferendis qui excepturi. Natus consequatur rerum dolor aut et perferendis temporibus. Non et in rerum porro qui repellendus dolorem est. Voluptatem modi omnis ut veritatis dolores corporis nisi dolor.','2023-06-27 17:00:50','2023-06-27 17:00:50',NULL),(51,'Anderson','11','(79) 97827-0603','leia.maldonado@barreto.com','Tenetur id culpa voluptas omnis. Et qui minus autem unde ut in mollitia. Repellendus totam qui perspiciatis aliquam quos dolor et. Eos veniam architecto error qui.','2023-06-27 17:03:19','2023-06-27 17:03:19',NULL),(52,'Artur','11','(88) 2409-6367','lozano.cecilia@jimenes.com.br','Facere dolor sed ut eius impedit sint iure reiciendis. Perspiciatis laudantium quis sed nesciunt explicabo possimus. Sed hic sit maxime magnam consequuntur reprehenderit dolore.','2023-06-27 17:03:19','2023-06-27 17:03:19',NULL),(53,'Natal','11','(88) 4286-1812','suellen56@valencia.com','Tempore ipsam blanditiis maiores sunt est. Est natus ea eos tenetur qui. Ea quia et aliquam et corrupti qui. Consequatur similique in occaecati repellendus quidem.','2023-06-27 17:03:19','2023-06-27 17:03:19',NULL),(54,'Ítalo','11','(46) 98380-8137','valeria.goncalves@gmail.com','Ad voluptatem est accusamus deserunt recusandae nobis aut occaecati. Maiores omnis sapiente voluptatum repellendus aut libero minima eos. Delectus esse eius rerum perferendis minus rem magnam.','2023-06-27 17:03:19','2023-06-27 17:03:19',NULL),(55,'Joaquin','11','(91) 90761-3916','alessandro.franco@gmail.com','Dolores quam nam corrupti est ut consectetur eaque. Dolore doloremque ut minus ut nisi placeat dolore. Quae natus quod id hic asperiores id.','2023-06-27 17:03:19','2023-06-27 17:03:19',NULL),(56,'Joana','11','(32) 98601-1496','neves.suellen@ig.com.br','Maxime consequatur voluptatem accusantium non nihil cumque. Sit vero repellendus quia vel pariatur. Quis magni molestias recusandae. Magni natus ipsam illum consectetur consequatur et rem.','2023-06-27 17:03:19','2023-06-27 17:03:19',NULL),(57,'Tomás','11','(55) 3641-3228','vicente.benites@gmail.com','Quos neque quos eius ducimus vitae atque distinctio. Odit ut sed qui eum est eius. Dolorem laborum excepturi provident.','2023-06-27 17:03:19','2023-06-27 17:03:19',NULL),(58,'Thales','11','(31) 3834-5549','eva.delgado@gmail.com','Debitis voluptatem delectus sed eos aut et et. Enim quisquam magni dolorum minima consequuntur. Velit autem maiores non. Iure et mollitia cupiditate impedit dolores.','2023-06-27 17:03:19','2023-06-27 17:03:19',NULL),(59,'Jorge','11','(11) 96093-7102','ivana.rangel@terra.com.br','Qui minima sunt voluptatem cumque. Id necessitatibus exercitationem nostrum ut quos. Pariatur est tempore rem quasi dignissimos eos sequi repellendus.','2023-06-27 17:03:19','2023-06-27 17:03:19',NULL),(60,'Samara','11','(41) 3364-0025','amanda67@guerra.com','Voluptatem iure odit quae. Eligendi impedit impedit cupiditate impedit sit. Quibusdam nihil aut fugiat.','2023-06-27 17:03:19','2023-06-27 17:03:19',NULL),(61,'Marcelo','11','(21) 97695-4578','verdugo.richard@saraiva.br','Ad tempora odio culpa illo non consectetur. Sit aperiam et animi sint id et corporis. Veritatis et aut qui voluptatum placeat commodi consectetur. Praesentium et perferendis at nam ut sed maxime. Dignissimos est autem ipsa.','2023-06-27 17:03:19','2023-06-27 17:03:19',NULL),(62,'Benedito','11','(48) 97841-1605','gramos@terra.com.br','Labore cum harum vel provident voluptatem omnis porro ipsam. Dignissimos similique rem cumque modi. Non quia iure omnis illo quam repellat est.','2023-06-27 17:03:19','2023-06-27 17:03:19',NULL),(63,'Christopher','11','(71) 91148-1938','matias.jean@yahoo.com','Vitae consectetur praesentium aliquid id tempora et. Illo numquam odio distinctio officia. Provident recusandae eaque quas voluptatem praesentium dolores dolorem.','2023-06-27 17:03:19','2023-06-27 17:03:19',NULL),(64,'Júlio','11','(98) 92287-9818','andre10@yahoo.com','Deleniti recusandae sunt dolores commodi ab. Odit voluptates est illum et eveniet nobis eveniet. Est vel quo id suscipit minima.','2023-06-27 17:03:19','2023-06-27 17:03:19',NULL),(65,'Marília','11','(88) 2260-9789','dias.adriel@caldeira.org','Atque inventore ipsa deserunt laboriosam illo aut dolor. Nostrum dolore voluptatem quo libero rerum sint dolorem. Assumenda placeat ut officia et doloremque quis numquam necessitatibus.','2023-06-27 17:03:19','2023-06-27 17:03:19',NULL),(66,'Roberta','11','(65) 3430-6054','ariana04@franco.net.br','Nam deserunt impedit aut nam velit ad in. Dignissimos impedit maxime occaecati amet laudantium est quia. Quia optio dolore autem. Itaque itaque architecto distinctio earum quas eos.','2023-06-27 17:03:19','2023-06-27 17:03:19',NULL),(67,'Maicon','11','(82) 2066-8742','daiana15@gmail.com','Rerum ratione nihil consequatur. Sapiente sed eaque velit error exercitationem sint.','2023-06-27 17:03:19','2023-06-27 17:03:19',NULL),(68,'André','11','(74) 95641-6016','rodrigues.stephanie@souza.org','Molestiae qui non libero laudantium iste fugit libero quas. Atque unde deserunt molestiae ex. Illum magni omnis et maiores praesentium.','2023-06-27 17:03:19','2023-06-27 17:03:19',NULL),(69,'James','11','(55) 3363-1740','martines.dirce@rodrigues.com.br','Cum eum explicabo animi et. Aut aliquam quo inventore harum corporis perferendis praesentium.','2023-06-27 17:03:19','2023-06-27 17:03:19',NULL),(70,'Manuel','11','(41) 92053-0474','rios.bella@serra.net.br','Qui blanditiis ratione adipisci veritatis dignissimos et repellendus. Eum est deserunt dolor facilis. Illo illum dolore nihil aliquam earum ipsum accusamus.','2023-06-27 17:03:19','2023-06-27 17:03:19',NULL),(71,'Lara','11','(42) 3248-9921','saito.emilio@fidalgo.br','Consequuntur distinctio rerum impedit est suscipit quam consequuntur. Dolor voluptate ut consequatur autem in dolorum. Dolores aut et nam sapiente.','2023-06-27 17:03:19','2023-06-27 17:03:19',NULL),(72,'Pâmela','11','(44) 95843-7720','violeta74@gmail.com','Minima autem odio debitis quidem ipsa. Quisquam consequatur id facilis ratione. Dolorum vero fugit suscipit aliquam.','2023-06-27 17:03:19','2023-06-27 17:03:19',NULL),(73,'Eliane','11','(32) 96326-2998','queiros.noel@verdara.com','Dolorem assumenda et doloremque consequatur ad. Eligendi dolorem explicabo minus nulla rem. Ea fugit molestiae non quia.','2023-06-27 17:03:19','2023-06-27 17:03:19',NULL),(74,'Hosana','11','(85) 95845-5491','csoares@dasdores.com','Voluptatem aliquid consequatur voluptatem dolor. Quaerat eligendi numquam amet eveniet aspernatur neque. In consectetur numquam enim vitae repudiandae. Alias odit beatae corrupti et laboriosam.','2023-06-27 17:03:19','2023-06-27 17:03:19',NULL),(75,'Bianca','11','(73) 3914-8463','joaquin.lourenco@pereira.com','Non non provident quia. Consequuntur ut voluptas itaque praesentium. Eos quia neque rerum similique nihil delectus.','2023-06-27 17:03:19','2023-06-27 17:03:19',NULL),(76,'David','11','(31) 4221-6050','alice.madeira@rivera.org','Quo eligendi nesciunt occaecati id eum ex delectus voluptatem. Aut ipsa possimus saepe ad corrupti quia ea.','2023-06-27 17:03:19','2023-06-27 17:03:19',NULL),(77,'Tomás','11','(66) 96805-3210','desouza.juliana@ig.com.br','Veniam aliquid dolor laboriosam corrupti. Earum dolorum quo ipsa consequatur consequatur veniam sapiente. Similique voluptate voluptas ut molestias rem et natus.','2023-06-27 17:03:19','2023-06-27 17:03:19',NULL),(78,'Irene','11','(79) 92875-5366','miguel.salgado@campos.br','Possimus cumque aut in est. Maiores iusto sint placeat ad et.','2023-06-27 17:03:19','2023-06-27 17:03:19',NULL),(79,'Sofia','11','(15) 3779-9735','rfernandes@camacho.br','Laborum dicta quia dolores officiis tenetur voluptatem aspernatur. Illum temporibus minus quo qui dicta. Nobis et optio sed at. Totam ut velit autem est.','2023-06-27 17:03:19','2023-06-27 17:03:19',NULL),(80,'Flor','11','(53) 2023-7437','noa.teles@gmail.com','Error reprehenderit quisquam voluptas quo. Sed cupiditate accusamus aut rerum qui possimus molestias. Soluta fuga omnis adipisci et sapiente. Eligendi asperiores minus officiis dolorem.','2023-06-27 17:03:19','2023-06-27 17:03:19',NULL),(81,'Luara','11','(16) 3373-4142','david.vieira@gusmao.com.br','Harum at impedit quisquam ratione architecto. Similique sunt ipsum ea eum.','2023-06-27 17:03:19','2023-06-27 17:03:19',NULL),(82,'Richard','11','(43) 90672-7241','jasmin.sanches@hotmail.com','Soluta sit cum corrupti itaque architecto neque quidem. Non quo nihil esse eos. Quidem est quia dolor aliquid.','2023-06-27 17:03:19','2023-06-27 17:03:19',NULL),(83,'Alessandro','11','(34) 90285-2972','torres.richard@hotmail.com','Ipsam harum dolores consequatur esse alias numquam facilis nam. Et dolores perspiciatis est provident voluptatem. Praesentium autem et repellendus nostrum velit sunt et consectetur. Quisquam magni explicabo sunt est quae. Cumque temporibus aut explicabo esse consectetur iste voluptatem possimus.','2023-06-27 17:03:19','2023-06-27 17:03:19',NULL),(84,'Paulo','11','(68) 2737-2569','luiz58@lovato.com.br','Accusamus quam voluptatibus aut. Facilis quidem laudantium at dolorem aliquid voluptatum. Amet minus nihil iste autem non rerum. Illum dicta doloribus et dolorem et eos consequatur sed.','2023-06-27 17:03:19','2023-06-27 17:03:19',NULL),(85,'Benjamin','11','(34) 95814-1767','afonso.rocha@jimenes.net.br','Aut consequatur expedita aperiam dolorem vitae. Debitis aut quibusdam modi id nesciunt distinctio. Cumque porro ratione assumenda voluptatem facilis soluta consequuntur.','2023-06-27 17:03:19','2023-06-27 17:03:19',NULL),(86,'Gisele','11','(67) 4657-9984','tpadilha@pedrosa.net','Aliquid vel rem itaque suscipit. Nemo molestias quas nihil mollitia voluptas itaque qui dolores. Ullam repellendus repudiandae optio nihil.','2023-06-27 17:03:19','2023-06-27 17:03:19',NULL),(87,'Gabrielle','11','(21) 3953-2000','santana.isis@ig.com.br','Exercitationem dolorum et modi voluptates quis vel quo aut. Mollitia sit quo distinctio deleniti rem enim.','2023-06-27 17:03:19','2023-06-27 17:03:19',NULL),(88,'James','11','(37) 2499-2109','afonso.franco@davila.net.br','Veritatis voluptatum iste consequatur sit ab aut numquam. Expedita et molestiae dolor est velit ducimus. Numquam recusandae qui optio delectus necessitatibus assumenda corporis.','2023-06-27 17:03:19','2023-06-27 17:03:19',NULL),(89,'Michael','11','(37) 4903-6871','paloma.domingues@r7.com','Esse omnis reiciendis iste quia doloremque tenetur doloremque. Quo voluptatum nulla a qui distinctio animi omnis. Eligendi possimus at aut quo. Dolorem sed et quia ut occaecati.','2023-06-27 17:03:19','2023-06-27 17:03:19',NULL),(90,'Melissa','11','(16) 3703-5297','ariana75@hotmail.com','Perferendis sed inventore voluptatem enim et in. Harum magnam accusantium ipsa aliquam architecto sequi. Quo eum officia ea et deleniti fuga magni. Rerum debitis doloremque et non.','2023-06-27 17:03:19','2023-06-27 17:03:19',NULL),(91,'Thiago','11','(38) 4065-5783','miriam68@yahoo.com','Magni nihil voluptatem omnis voluptatem et. Aliquam dolore laborum autem praesentium magni. Cupiditate vitae rerum officia esse harum qui. Eveniet doloremque asperiores autem dignissimos et libero omnis harum.','2023-06-27 17:03:19','2023-06-27 17:03:19',NULL),(92,'Fernanda','11','(77) 3068-4693','aestrada@terra.com.br','Perspiciatis consequatur iste impedit exercitationem saepe. Corporis quos recusandae ad ipsa doloribus rem nobis. Voluptatum quis ipsa animi quia.','2023-06-27 17:03:19','2023-06-27 17:03:19',NULL),(93,'Lidiane','11','(75) 3951-6274','teobaldo72@hotmail.com','Quia autem placeat veniam. Est quis assumenda voluptate quo. Omnis aut commodi reprehenderit ut et ipsam.','2023-06-27 17:03:19','2023-06-27 17:03:19',NULL),(94,'Thiago','11','(63) 93443-9514','etorres@marques.com.br','Sequi beatae nisi magnam. Magnam odit reprehenderit iste totam reprehenderit possimus officiis. Adipisci nihil voluptatum consequatur officia praesentium reprehenderit voluptas et. Facilis eius sed molestiae officiis provident ratione sint.','2023-06-27 17:03:19','2023-06-27 17:03:19',NULL),(95,'Abgail','11','(93) 3292-2959','vasques.thiago@yahoo.com','Accusamus pariatur amet incidunt earum labore. Illum tempore quidem qui dolor hic laudantium voluptas necessitatibus.','2023-06-27 17:03:19','2023-06-27 17:03:19',NULL),(96,'Cristiano','11','(28) 92868-7838','stella.pacheco@ig.com.br','Ut ut accusantium et totam amet aut expedita. Dolores et sapiente praesentium labore. Saepe non dolores earum sequi.','2023-06-27 17:03:19','2023-06-27 17:03:19',NULL),(97,'Ricardo','11','(85) 92365-2553','alcantara.gisela@duarte.com.br','Omnis nesciunt quo cupiditate deleniti dolores. Iusto veniam est quos et sit. Vero excepturi voluptatibus soluta voluptatem minus autem. Quod maiores nihil dolor dicta veniam officiis magni id.','2023-06-27 17:03:19','2023-06-27 17:03:19',NULL),(98,'Eva','11','(12) 93847-8590','uvale@sanches.br','Mollitia qui vel eum non consequatur qui. Possimus hic quo id quis et et. Occaecati et et impedit.','2023-06-27 17:03:19','2023-06-27 17:03:19',NULL),(99,'Moisés','11','(48) 4013-6637','deaguiar.barbara@franco.br','Qui nihil ex vel. Corporis fugiat quasi non est officiis nisi. A facilis eos quo saepe sunt eligendi non.','2023-06-27 17:03:19','2023-06-27 17:03:19',NULL),(100,'Talita','11','(49) 92021-0120','flores.filipe@hotmail.com','Iusto ipsum dolorem veniam dolorem. Sunt quam corrupti nemo neque quisquam soluta omnis. Occaecati est saepe aut. Doloribus et at quasi.','2023-06-27 17:03:19','2023-06-27 17:03:19',NULL),(101,'Priscila','11','(97) 2014-2021','arthur.burgos@gmail.com','Quisquam aliquid et qui earum illum sunt eum. Ipsam nam itaque dolor neque voluptate.','2023-06-27 17:04:06','2023-06-27 17:04:06',NULL),(102,'Elias','11','(98) 94719-3394','andres.valencia@r7.com','Magni mollitia saepe ad tenetur ut earum eum. Aut nam quisquam dolores aut libero quod. Sunt sed est vitae voluptatem et quidem doloribus.','2023-06-27 17:04:06','2023-06-27 17:04:06',NULL),(103,'Rogério','11','(81) 4222-6058','kvasques@yahoo.com','Veniam saepe et vel est totam. Non dolores et non et quis facilis odio. Ea vero ducimus adipisci. Asperiores enim quidem et consequatur occaecati. Eum repellat recusandae sequi quam.','2023-06-27 17:04:06','2023-06-27 17:04:06',NULL),(104,'Malu','11','(64) 4874-8900','tessalia.gomes@gmail.com','Dolorem occaecati enim cum vel. Aliquid ut quam enim voluptatum incidunt culpa odio.','2023-06-27 17:04:06','2023-06-27 17:04:06',NULL),(105,'Miriam','11','(27) 91413-9120','alexa40@r7.com','Ea repellat porro eum ipsam mollitia culpa quia. Placeat quia neque sed accusamus sed. Provident consequatur dolores consequatur iusto est. In eum labore sed nam.','2023-06-27 17:04:06','2023-06-27 17:04:06',NULL),(106,'Valentin','11','(27) 92094-5607','deoliveira.miriam@queiros.net.br','Sit dignissimos saepe numquam quia error debitis voluptate recusandae. Voluptate pariatur dolore dignissimos est veniam omnis. Facilis ut corrupti aut aut beatae blanditiis.','2023-06-27 17:04:06','2023-06-27 17:04:06',NULL),(107,'Elisa','11','(24) 90267-7689','patricia.vasques@sales.net.br','Repellendus commodi qui eaque rem dignissimos optio quaerat aliquam. Eligendi ipsum ullam sequi eos. Voluptatem nisi quis voluptatem quasi odio minima.','2023-06-27 17:04:06','2023-06-27 17:04:06',NULL),(108,'Martinho','11','(35) 99129-9240','sandro.valencia@ortega.com','Optio veritatis nesciunt tempora autem et eius aspernatur. Sit eum doloribus sunt deserunt et. Est velit libero eaque id nisi eum et.','2023-06-27 17:04:06','2023-06-27 17:04:06',NULL),(109,'Alexandre','11','(67) 99854-0908','camilo49@aguiar.com.br','Laudantium dolorem qui minus laudantium et. Deserunt enim totam neque dolor mollitia hic aperiam dolor. Sit sit nesciunt perspiciatis quod voluptatibus voluptatem aut est. Culpa optio voluptas quia delectus eos.','2023-06-27 17:04:06','2023-06-27 17:04:06',NULL),(110,'Léia','11','(82) 93326-5819','jorge59@burgos.net.br','Enim voluptas accusantium ut et consequatur. Blanditiis eum ea magnam consequatur laboriosam eum asperiores. Veritatis ut tenetur distinctio in quia necessitatibus. Sed beatae sed sed consectetur facilis nostrum quis officia.','2023-06-27 17:04:06','2023-06-27 17:04:06',NULL),(111,'Gian','11','(14) 99565-3959','adriano58@faria.net','Necessitatibus dolorem necessitatibus dolor quaerat id. Sed sed sint qui aut. Tempore aut magni velit neque placeat. Assumenda iusto adipisci ipsam blanditiis consequatur dicta ipsum. Sed aliquid labore accusantium voluptatibus ea et.','2023-06-27 17:04:06','2023-06-27 17:04:06',NULL),(112,'Andressa','11','(33) 4443-1859','christian25@carmona.com','Dolor corporis porro dignissimos. Non quam praesentium at occaecati sunt vel. Animi porro est dicta nostrum reprehenderit incidunt. Dolorem incidunt ullam totam quasi et.','2023-06-27 17:04:06','2023-06-27 17:04:06',NULL),(113,'Gian','11','(11) 98988-6136','gmendes@batista.br','Quasi vel assumenda nulla architecto. Rerum distinctio nisi dolores. Eos porro adipisci eum repellendus veritatis non. Illo officiis quia rem fugiat quod.','2023-06-27 17:04:06','2023-06-27 17:04:06',NULL),(114,'Iasmin','11','(85) 3408-6154','godoi.natalia@gmail.com','Unde est animi nostrum vero sed. Eligendi ab dicta voluptatem. Atque repellat dolorem praesentium enim. Et cupiditate laboriosam nobis neque assumenda quos.','2023-06-27 17:04:06','2023-06-27 17:04:06',NULL),(115,'Mary','11','(63) 4305-5872','gpaz@ig.com.br','Vero ullam earum mollitia repudiandae perferendis. Nam accusantium consequatur exercitationem incidunt. Sit quisquam nulla dolorum est laboriosam consequatur nihil.','2023-06-27 17:04:06','2023-06-27 17:04:06',NULL),(116,'Tainara','11','(17) 91617-5504','sophie61@gusmao.com.br','Aut fuga quisquam nemo alias sunt cum numquam eum. Qui quia vel corporis quaerat.','2023-06-27 17:04:06','2023-06-27 17:04:06',NULL),(117,'Alan','11','(95) 3930-2401','guerra.joyce@leal.com.br','Exercitationem quia odit debitis voluptas. Magni itaque sequi et sed porro et. Est repudiandae veniam odio odio. Eos velit animi libero nam alias doloremque.','2023-06-27 17:04:06','2023-06-27 17:04:06',NULL),(118,'Jorge','11','(14) 95180-5881','faro.italo@domingues.net','Dolores fugiat incidunt eveniet. Voluptatem deserunt molestiae enim aut id. Quos velit voluptatem saepe laborum. Eligendi dolores sapiente dolores occaecati. Rem aut et in qui blanditiis ex ut.','2023-06-27 17:04:06','2023-06-27 17:04:06',NULL),(119,'Aparecida','11','(92) 3983-5461','bianca.bittencourt@gmail.com','Debitis molestiae consequatur eligendi blanditiis dignissimos. Debitis cupiditate dolorem odit dolor.','2023-06-27 17:04:06','2023-06-27 17:04:06',NULL),(120,'Giovane','11','(34) 2664-5771','gabriela.uchoa@vila.com.br','Est ducimus in odio occaecati. Libero voluptates iste quam aut. Ut totam voluptate quis et ea. Sit quia quidem aut ut aut eaque.','2023-06-27 17:04:06','2023-06-27 17:04:06',NULL),(121,'Eunice','11','(86) 2071-9231','ubezerra@ig.com.br','Aut voluptas voluptatum quisquam qui iure. Veritatis et enim architecto. Et tempore velit ut.','2023-06-27 17:04:06','2023-06-27 17:04:06',NULL),(122,'Melissa','11','(95) 3875-8836','samara64@ig.com.br','Magnam vel sunt vel eveniet excepturi voluptates in. Ut temporibus eligendi numquam officiis.','2023-06-27 17:04:06','2023-06-27 17:04:06',NULL),(123,'Késia','11','(28) 4265-7806','bruna.chaves@yahoo.com','Aliquid sit dicta perspiciatis possimus. Quod earum nihil aut neque ipsa aliquid incidunt sit. Et cum in et eum assumenda minus. Earum autem reprehenderit odit fugiat eaque quibusdam.','2023-06-27 17:04:06','2023-06-27 17:04:06',NULL),(124,'Daiana','11','(44) 3683-1936','perez.richard@ramos.com','Minima ea necessitatibus rerum voluptatibus explicabo. Possimus nobis ullam eius consectetur ipsa incidunt. Enim sit unde iste ut qui est.','2023-06-27 17:04:06','2023-06-27 17:04:06',NULL),(125,'Elaine','11','(62) 4978-7466','lovato.lais@r7.com','Fugit perferendis ipsum animi. Laborum enim harum ut distinctio. Voluptatem illum ea saepe error nostrum magni necessitatibus. Molestiae provident consequatur praesentium.','2023-06-27 17:04:06','2023-06-27 17:04:06',NULL),(126,'Emiliano','11','(95) 3926-7670','fernando.santiago@salazar.com.br','Ut vero qui consequuntur tempore dolorum temporibus ea. Molestiae voluptatem soluta ducimus dolores. Consequatur qui vero consequatur aliquam molestiae minima voluptatum et.','2023-06-27 17:04:06','2023-06-27 17:04:06',NULL),(127,'Gabriel','11','(16) 4317-5216','aparecida.maldonado@delatorre.org','Soluta atque est quo vero quas. Quaerat deserunt rerum pariatur eos rerum minus quas. Harum dolore atque voluptatem et illum iure. Quidem ut dolorum quo maxime velit non.','2023-06-27 17:04:06','2023-06-27 17:04:06',NULL),(128,'Gisele','11','(91) 97086-0265','dante.ferminiano@yahoo.com','Veniam quae esse nesciunt quae. Rem sunt suscipit quisquam ea aut.','2023-06-27 17:04:06','2023-06-27 17:04:06',NULL),(129,'Adriana','11','(51) 99838-9695','giovane11@batista.br','Ut eius sapiente tempora voluptas et corrupti rerum. Ducimus magni maiores ea iste quo aut ex totam. Est pariatur ea fuga beatae sunt sunt. Omnis eos corrupti rerum perferendis similique.','2023-06-27 17:04:06','2023-06-27 17:04:06',NULL),(130,'Sérgio','11','(97) 91087-2683','agostinho.mascarenhas@matos.com','Dolores maiores labore quia unde commodi. Vero nisi assumenda impedit quia. Voluptatum odio fuga unde nihil et.','2023-06-27 17:04:06','2023-06-27 17:04:06',NULL),(131,'Melinda','11','(94) 2776-4088','wromero@gusmao.br','Alias nostrum maxime quisquam dolore odio omnis modi. Dolor error fugiat expedita delectus porro. Aut quia fugit laborum est.','2023-06-27 17:04:06','2023-06-27 17:04:06',NULL),(132,'Maya','11','(89) 3787-4630','nicolas26@uol.com.br','Nemo odio est est adipisci tenetur animi. Dignissimos sunt fugiat voluptas et. Porro voluptatum dolores minus veniam soluta at porro et. Nihil nulla incidunt nulla et aut esse.','2023-06-27 17:04:06','2023-06-27 17:04:06',NULL),(133,'Flávia','11','(96) 98017-1451','ferreira.anderson@gmail.com','Quaerat et quisquam et voluptatum. Sit ea sed quam et. Et perferendis architecto iusto vero. Omnis nulla quibusdam et labore.','2023-06-27 17:04:06','2023-06-27 17:04:06',NULL),(134,'Sofia','11','(43) 4366-3763','richard.romero@hotmail.com','Aut iure consequatur in laboriosam ipsa error. Necessitatibus sed error dolorum veniam autem ut voluptas enim. Laudantium placeat corporis velit reprehenderit nemo quos ex. In nam iure excepturi earum ut consectetur nihil omnis.','2023-06-27 17:04:06','2023-06-27 17:04:06',NULL),(135,'Davi','11','(13) 4927-0989','tamoio.thais@carmona.com.br','Quos corporis iure ea asperiores rerum rerum temporibus. Dolorem animi et sapiente voluptas debitis id qui. Autem minus nihil vitae aut.','2023-06-27 17:04:06','2023-06-27 17:04:06',NULL),(136,'Dante','11','(37) 97622-8608','priscila.valente@neves.com.br','Ut consequatur a deserunt corporis impedit ipsam. Ipsa sed natus et aut nostrum velit id.','2023-06-27 17:04:06','2023-06-27 17:04:06',NULL),(137,'Carlos','11','(64) 2732-7605','christian.correia@delvalle.com','Quibusdam minima sed aut in qui. Ut dolores perferendis accusantium quia mollitia culpa. Labore est aut eligendi repellendus. Recusandae qui velit accusantium.','2023-06-27 17:04:06','2023-06-27 17:04:06',NULL),(138,'Luis','11','(18) 2321-9956','dener60@reis.com.br','Explicabo aut non nihil sapiente autem hic. Non excepturi voluptate voluptatem ipsam possimus totam omnis aut. Rerum enim officia voluptas et error.','2023-06-27 17:04:06','2023-06-27 17:04:06',NULL),(139,'Emília','11','(75) 3163-4150','pedro.darosa@yahoo.com','Nisi fugiat quae necessitatibus. Quod expedita perspiciatis facilis natus necessitatibus sint minima. Consequuntur nostrum non enim ut eaque ut.','2023-06-27 17:04:06','2023-06-27 17:04:06',NULL),(140,'Gustavo','11','(91) 93530-1765','emilio08@uol.com.br','Iusto reiciendis quas veritatis eaque aliquam voluptates. Quibusdam earum quo magnam doloribus earum veniam. Quo error excepturi quia expedita.','2023-06-27 17:04:06','2023-06-27 17:04:06',NULL),(141,'Wilson','11','(54) 3950-7896','william05@hotmail.com','Molestiae vel ut ut natus similique et optio. Qui accusantium magnam quo praesentium eum. Deserunt exercitationem praesentium qui aperiam quia distinctio occaecati.','2023-06-27 17:04:06','2023-06-27 17:04:06',NULL),(142,'Felipe','11','(79) 3877-2307','luciana80@terra.com.br','Impedit veniam temporibus illo vero laudantium vero. Sint exercitationem ex facere debitis corporis nulla. Sunt voluptatem excepturi quidem vel est.','2023-06-27 17:04:06','2023-06-27 17:04:06',NULL),(143,'Filipe','11','(47) 3336-6468','fidalgo.julia@gmail.com','Animi minus repudiandae eos. Tempora perferendis velit est dolorum voluptatem quia at quo. Non asperiores error non.','2023-06-27 17:04:06','2023-06-27 17:04:06',NULL),(144,'Paulo','11','(22) 4595-2232','antonieta01@yahoo.com','Mollitia consequatur dolor inventore et sunt. Saepe excepturi qui eveniet aperiam magni repellat temporibus eveniet. Voluptas facere quas doloribus id et. Repudiandae magnam magni recusandae qui qui dolore.','2023-06-27 17:04:06','2023-06-27 17:04:06',NULL),(145,'Eduardo','11','(43) 92877-8332','bia.godoi@paes.com.br','Magni voluptas aut aut rerum. Earum sequi ut illo accusamus. Corrupti dolores omnis tempora voluptatem.','2023-06-27 17:04:06','2023-06-27 17:04:06',NULL),(146,'Moisés','11','(47) 3693-4583','omarinho@montenegro.com.br','Magnam totam est qui repudiandae inventore dicta. Soluta et dolorem quia molestiae dolorem nesciunt. Vero non ullam eveniet nihil et. Rerum quidem blanditiis sint amet quia quis accusamus sint.','2023-06-27 17:04:06','2023-06-27 17:04:06',NULL),(147,'Cléber','11','(92) 2875-6784','violeta51@r7.com','Sunt esse ipsa qui quis fugiat iste. Mollitia consequuntur dolore est et sed voluptas delectus. Iure sint adipisci voluptatem voluptas dolorem impedit.','2023-06-27 17:04:06','2023-06-27 17:04:06',NULL),(148,'George','11','(79) 4688-0520','melinda38@valencia.org','Ut aut ratione qui facilis mollitia atque provident. Expedita necessitatibus recusandae aliquam qui. Officia optio nihil odio rerum porro tenetur perspiciatis. Ipsum rerum voluptatem quod ea.','2023-06-27 17:04:06','2023-06-27 17:04:06',NULL),(149,'Fernando','11','(94) 95434-1499','vega.marcia@oliveira.com.br','Vel in consequatur nihil qui quod porro. Ea et consequatur quasi repellat dolorem sint id ut. Quasi nesciunt amet ea vel. Velit nihil quis accusamus aperiam eligendi illum neque.','2023-06-27 17:04:06','2023-06-27 17:04:06',NULL),(150,'Isabelly','11','(45) 96533-1896','willian.barros@hotmail.com','Non eveniet deserunt vel. Nisi vero culpa vel porro doloremque sunt porro. Quia ut quo illum at est ut.','2023-06-27 17:04:06','2023-06-27 17:04:06',NULL),(151,'Malena','11','(32) 3368-0155','uuchoa@uol.com.br','Suscipit consequuntur maiores doloribus cupiditate sint laudantium. Sit dolor vero fugit et quisquam molestiae error. Veritatis velit non temporibus consectetur eos.','2023-06-27 17:06:43','2023-06-27 17:06:43',NULL),(152,'Milena','11','(75) 94796-8969','sergio48@terra.com.br','Necessitatibus beatae sed deleniti et ipsam sunt. Dicta libero iure impedit sapiente saepe architecto. Voluptatem laudantium possimus ut.','2023-06-27 17:06:43','2023-06-27 17:06:43',NULL),(153,'Santiago','11','(33) 2022-9529','kgoncalves@caldeira.com.br','Fugit nesciunt corrupti ut eum et ullam aut dolor. Sunt nihil doloribus vitae. Sint quia voluptatem ducimus expedita voluptate.','2023-06-27 17:06:43','2023-06-27 17:06:43',NULL),(154,'Lara','11','(35) 95116-5426','ylutero@terra.com.br','Doloribus et maiores voluptas incidunt. Iste ut adipisci ad ratione eos iure sint. Inventore dignissimos dolores eos explicabo. Ratione consequatur est ducimus corrupti aspernatur.','2023-06-27 17:06:43','2023-06-27 17:06:43',NULL),(155,'Cristina','11','(24) 2109-0881','joao.santiago@ig.com.br','Voluptatem minus asperiores earum voluptatem sit. Libero nihil nemo et ipsa repellendus non. Aspernatur sit quos qui quia expedita. Deserunt alias sequi molestias qui saepe.','2023-06-27 17:06:43','2023-06-27 17:06:43',NULL),(156,'Ricardo','11','(93) 96798-0451','samuel37@lozano.br','Reiciendis dolor sit omnis repudiandae explicabo quia. Et ut magni consectetur facere animi sed. Minus exercitationem consectetur reiciendis eveniet sapiente sed.','2023-06-27 17:06:43','2023-06-27 17:06:43',NULL),(157,'Dener','11','(33) 97861-4736','samuel70@defreitas.com.br','Corrupti doloremque voluptatem aut odit tenetur harum eos nulla. Aliquam minima enim sapiente quibusdam ut qui dolore. Esse qui distinctio impedit. Tenetur modi repudiandae dolorum voluptas nihil.','2023-06-27 17:06:43','2023-06-27 17:06:43',NULL),(158,'Suellen','11','(64) 90373-4510','duarte.gian@ig.com.br','Quas est est quis. Minus debitis officiis provident sapiente. Sunt doloribus sint in.','2023-06-27 17:06:43','2023-06-27 17:06:43',NULL),(159,'Manuela','11','(66) 94443-9206','sandro75@carmona.net','Ullam consequatur dignissimos et vel. Itaque possimus ducimus corporis aperiam commodi. Est voluptatem assumenda ad tempore blanditiis hic ab.','2023-06-27 17:06:43','2023-06-27 17:06:43',NULL),(160,'Fabiano','11','(66) 93236-7439','wdasilva@domingues.br','Libero vel suscipit et eum perferendis fugiat. Sint dolore est molestiae fugiat praesentium nihil. Dolor cum ut ex ut voluptas voluptas voluptatem rerum. Qui quo facere fugiat porro veniam.','2023-06-27 17:06:43','2023-06-27 17:06:43',NULL),(161,'Clara','11','(62) 4402-0828','burgos.maiara@r7.com','Aut ducimus ea ducimus omnis sed. Occaecati eum consequatur non quis aut ut. Nostrum totam minus pariatur et natus. Esse est inventore autem expedita voluptatem nostrum.','2023-06-27 17:06:43','2023-06-27 17:06:43',NULL),(162,'Breno','11','(91) 96448-9901','antonella.dominato@esteves.net.br','Enim ut ut ab reprehenderit et mollitia. Est est assumenda nobis consequuntur neque iste dolores qui. Dolor quia eum nobis quibusdam repellat.','2023-06-27 17:06:43','2023-06-27 17:06:43',NULL),(163,'Noa','11','(38) 3041-8700','nsalas@gmail.com','Nihil neque nesciunt sed recusandae et culpa voluptates. Et quibusdam non consectetur eum. Provident repellendus ut praesentium sequi suscipit velit.','2023-06-27 17:06:43','2023-06-27 17:06:43',NULL),(164,'Moisés','11','(55) 99396-7365','lmolina@fidalgo.net','Aut consequatur ad doloremque aut qui aut nam. Incidunt maxime ut molestiae sunt. Repudiandae minima corrupti beatae deleniti nobis. Optio molestias dolores excepturi.','2023-06-27 17:06:43','2023-06-27 17:06:43',NULL),(165,'Andréia','11','(54) 3573-9904','heitor.aranda@r7.com','Neque voluptatibus voluptas nesciunt ut iusto. Commodi ipsum sed officia occaecati accusamus nisi nesciunt. Autem sint repellendus ut debitis error blanditiis magnam. Aut iste molestiae quidem et magni qui. Est commodi quis voluptatem corrupti sunt.','2023-06-27 17:06:43','2023-06-27 17:06:43',NULL),(166,'Noelí','11','(33) 96927-0640','rpadrao@sanches.net.br','Odio vel minus error tempore. Esse voluptatem consequatur dolorem a. Architecto blanditiis laboriosam illum et. Excepturi voluptatem provident voluptatem magni.','2023-06-27 17:06:43','2023-06-27 17:06:43',NULL),(167,'Cristóvão','11','(98) 3160-4175','lara39@roque.com.br','Doloremque exercitationem dolores eveniet dolorum. Est dolores facere sapiente sed. Qui qui odio aut ab. Accusantium et incidunt in perferendis.','2023-06-27 17:06:43','2023-06-27 17:06:43',NULL),(168,'Lívia','11','(94) 4998-4566','mendes.tomas@queiros.br','Deleniti rerum dolor aut eius dignissimos. Nihil labore recusandae molestiae exercitationem fugiat voluptatem. Excepturi dicta qui et deserunt.','2023-06-27 17:06:43','2023-06-27 17:06:43',NULL),(169,'Artur','11','(41) 94279-9066','branco.kauan@ig.com.br','Dolorum laudantium vitae omnis. Totam cupiditate optio non amet et. Officiis accusantium et asperiores voluptatem cum. Asperiores aliquam architecto voluptates quia distinctio omnis inventore est.','2023-06-27 17:06:43','2023-06-27 17:06:43',NULL),(170,'Miranda','11','(71) 93828-5626','pedro59@r7.com','Ut dolorum hic doloribus aut. Aperiam velit placeat consequatur ex velit. Qui tenetur ullam assumenda voluptatem. Et molestias quaerat et qui tempore est alias.','2023-06-27 17:06:43','2023-06-27 17:06:43',NULL),(171,'Benício','11','(96) 2976-5027','maia.horacio@benites.net','Voluptatibus ut ipsam voluptas et sint ut itaque. Quasi odio minima quibusdam in nihil. Iure reprehenderit vero velit. Qui et non eaque sed.','2023-06-27 17:06:43','2023-06-27 17:06:43',NULL),(172,'Gilberto','11','(87) 3771-8651','ramos.andre@yahoo.com','Alias quae ut vel architecto alias temporibus. Voluptates quis vero delectus nihil quae sit commodi. At in similique nobis voluptates modi culpa nulla quia. Soluta et eligendi vel non.','2023-06-27 17:06:43','2023-06-27 17:06:43',NULL),(173,'Rafaela','11','(92) 2981-3394','bruno70@molina.org','A aliquam rerum inventore sit eaque earum perspiciatis. Illo aut ut quae aspernatur tempora architecto ullam.','2023-06-27 17:06:43','2023-06-27 17:06:43',NULL),(174,'Dirce','11','(32) 3840-9087','cespinoza@uol.com.br','Dolorem temporibus et officia deserunt inventore et. Id quis perspiciatis quas quisquam. Maxime et ut id natus quod et odit et. Et deserunt tenetur aspernatur. Modi voluptatum maiores deserunt quidem officia.','2023-06-27 17:06:43','2023-06-27 17:06:43',NULL),(175,'Samuel','11','(16) 2311-8594','nfaro@arruda.net.br','Explicabo aperiam incidunt sit. Et aut harum consequuntur. Sunt maxime atque voluptas animi quia dolore et. Voluptas voluptatem labore quidem est quaerat eum.','2023-06-27 17:06:43','2023-06-27 17:06:43',NULL),(176,'Gilberto','11','(33) 4453-8163','abenites@yahoo.com','Voluptate laborum eius optio corporis ut sunt odit. Aspernatur fugiat itaque nemo consequatur repudiandae perspiciatis. Repudiandae exercitationem iste ipsam esse aut nihil. Incidunt quia soluta consequuntur consequuntur doloribus sequi occaecati.','2023-06-27 17:06:43','2023-06-27 17:06:43',NULL),(177,'Carlos','11','(46) 3899-3862','ortiz.nayara@ig.com.br','Qui nihil doloremque unde rerum beatae. Aut voluptatem sint hic facere molestias excepturi quos. Atque expedita veritatis quas earum ut totam ex. Illo asperiores ut nihil modi ut nihil sunt.','2023-06-27 17:06:43','2023-06-27 17:06:43',NULL),(178,'Christopher','11','(42) 3550-3636','kevin.neves@godoi.com.br','Ducimus et nobis blanditiis voluptas. Et tenetur labore quia dolores nihil qui a. Accusamus perferendis perferendis autem quos. Consequuntur maiores dolores fugit excepturi commodi autem.','2023-06-27 17:06:43','2023-06-27 17:06:43',NULL),(179,'Tomás','11','(99) 94693-7250','evandro.velasques@r7.com','Corporis aut suscipit numquam autem impedit laborum asperiores. Quam laborum omnis soluta consequatur sit eius. Eum nesciunt qui commodi id modi qui.','2023-06-27 17:06:43','2023-06-27 17:06:43',NULL),(180,'Leo','11','(19) 4075-5521','lozano.rosana@benez.net.br','Deleniti rem ratione fuga fugit non eos. Harum corrupti non sit nihil officia aut debitis. Temporibus sapiente beatae qui nobis repellat.','2023-06-27 17:06:43','2023-06-27 17:06:43',NULL),(181,'Poliana','11','(28) 3366-5194','iavila@uol.com.br','Fugiat reiciendis nemo ex praesentium. Error voluptas omnis delectus excepturi optio quo. Et explicabo blanditiis qui voluptate autem et magni voluptatem. Optio voluptatum quidem ut veniam dolorem modi minus explicabo.','2023-06-27 17:06:43','2023-06-27 17:06:43',NULL),(182,'Márcia','11','(85) 96580-0645','theo68@terra.com.br','Id debitis doloremque ut dolores perspiciatis. Eaque ratione enim ipsum nam. Quod eaque magni autem distinctio nihil commodi.','2023-06-27 17:06:43','2023-06-27 17:06:43',NULL),(183,'Inácio','11','(68) 2600-4621','bia.neves@gmail.com','Non iste consequatur iste quis omnis. Odio voluptas et in quaerat vel. Et impedit sapiente aliquam labore sed fuga laborum. Et et maxime iure ducimus.','2023-06-27 17:06:43','2023-06-27 17:06:43',NULL),(184,'George','11','(84) 2023-7595','verdugo.antonio@correia.net','Cumque quia eveniet doloremque qui totam deserunt perspiciatis. Quam tempore asperiores nemo asperiores consequatur sunt nesciunt. Enim est vitae eligendi rerum earum sequi.','2023-06-27 17:06:43','2023-06-27 17:06:43',NULL),(185,'Ohana','11','(71) 94273-2769','naomi.fonseca@ig.com.br','Iste veniam in et laborum. Labore non non eligendi explicabo fugiat eum. Odio non eos perferendis quia qui voluptatem ut. Suscipit in ut doloremque dolor qui eum voluptas. Ex non pariatur non ex alias et et ea.','2023-06-27 17:06:43','2023-06-27 17:06:43',NULL),(186,'Cezar','11','(24) 2919-0799','robson68@hotmail.com','Sit mollitia dolore laborum ut at. Suscipit aut libero qui eveniet illum exercitationem architecto quia. Facilis veritatis animi neque aut.','2023-06-27 17:06:43','2023-06-27 17:06:43',NULL),(187,'Graziela','11','(68) 94710-7628','danilo32@hotmail.com','Expedita ipsam maxime at praesentium. Earum aliquam numquam voluptas occaecati quaerat nam rerum ut. Porro consequuntur officia minima omnis. Consequatur ea sequi fugit et.','2023-06-27 17:06:43','2023-06-27 17:06:43',NULL),(188,'Dayane','11','(48) 2680-0457','pacheco.dayana@flores.br','Libero sint ducimus nostrum dolor omnis fugiat. Qui quidem molestiae et dolorum dolor ullam animi.','2023-06-27 17:06:43','2023-06-27 17:06:43',NULL),(189,'Pérola','11','(45) 3680-7491','iguerra@salgado.com.br','Ipsum ex at rem. Non aut vel molestias inventore. Ut quidem culpa totam distinctio recusandae deserunt.','2023-06-27 17:06:43','2023-06-27 17:06:43',NULL),(190,'Leonardo','11','(31) 4994-4535','campos.flavio@duarte.com.br','Ut quas necessitatibus itaque porro et quia est. Beatae qui quod quasi. Voluptatem repellendus enim quibusdam. Dolorem quis laboriosam odit. Est eius voluptas quasi earum velit hic et natus.','2023-06-27 17:06:43','2023-06-27 17:06:43',NULL),(191,'Rafael','11','(43) 92758-1077','omares@mendes.com.br','Non beatae repellendus expedita laborum accusamus minus consequatur et. Ex quos velit officia qui ipsam rem expedita. Sint ut minus repellat maxime perspiciatis. Omnis natus nam commodi et est repellat quae.','2023-06-27 17:06:43','2023-06-27 17:06:43',NULL),(192,'Bia','11','(33) 96867-7666','benites.emilly@zamana.br','Tempora qui ea odio iste. Eos adipisci quasi quisquam ratione modi consectetur. Modi consectetur adipisci rerum.','2023-06-27 17:06:43','2023-06-27 17:06:43',NULL),(193,'Maísa','11','(34) 4062-3885','sales.manuel@hotmail.com','Suscipit possimus quam sit incidunt. Dolor in aliquam sapiente molestias. Ullam dolore consequuntur nihil sit animi ut.','2023-06-27 17:06:43','2023-06-27 17:06:43',NULL),(194,'Ian','11','(15) 4286-0844','alma.domingues@vieira.com','Est iste aliquid adipisci sequi doloribus eaque et. Provident qui sit aut ullam illo velit. Occaecati minima hic assumenda porro vero.','2023-06-27 17:06:43','2023-06-27 17:06:43',NULL),(195,'Luciano','11','(89) 3618-9830','larissa.pontes@uol.com.br','Optio asperiores vel et aliquid. Architecto iste saepe eum. Quaerat non facilis quidem et asperiores exercitationem et. Occaecati velit ut quia ut.','2023-06-27 17:06:43','2023-06-27 17:06:43',NULL),(196,'Willian','11','(54) 92454-2575','ferreira.cesar@uol.com.br','Consequatur minima possimus iste aperiam velit soluta omnis perferendis. Aliquid atque illo officiis et illum ut debitis voluptatem. Ut dolore asperiores qui nam. Quia laudantium esse enim. Perferendis sunt eum necessitatibus unde et sit dolorem.','2023-06-27 17:06:43','2023-06-27 17:06:43',NULL),(197,'Taís','11','(75) 99303-0812','reinaldo.dacruz@aranda.net','Omnis incidunt blanditiis optio aut. Atque doloribus molestiae est maiores quia. Quia autem non qui expedita.','2023-06-27 17:06:43','2023-06-27 17:06:43',NULL),(198,'Fabrício','11','(86) 96655-5318','sanches.debora@alves.com.br','Minus enim maiores libero voluptates. Soluta explicabo excepturi in dignissimos in sapiente. Officia minus quo et deserunt qui. Officia ut quia occaecati ad ducimus. Omnis modi possimus debitis dicta.','2023-06-27 17:06:43','2023-06-27 17:06:43',NULL),(199,'Marta','11','(12) 3663-6167','cintia.salazar@pereira.com','Dolor perferendis eligendi earum dignissimos veritatis ut dolores dicta. Dicta illo sit animi vel. Aut animi et mollitia ratione quo pariatur adipisci voluptatem.','2023-06-27 17:06:43','2023-06-27 17:06:43',NULL),(200,'Lucas','11','(43) 3630-7879','nicole.valentin@hotmail.com','Consequatur ea iure repellat molestias exercitationem. Consequatur minus a numquam autem. Debitis quia exercitationem sed est consequuntur.','2023-06-27 17:06:43','2023-06-27 17:06:43',NULL),(201,'Lia','11','(82) 3794-0214','tcampos@darosa.com','Aut molestias inventore et. Enim et ipsa nihil vel et molestiae.','2023-06-27 17:07:17','2023-06-27 17:07:17',NULL),(202,'Christian','11','(41) 90256-3617','qcervantes@uol.com.br','Optio consequatur doloremque corporis non qui ea magni aperiam. Et repudiandae corrupti qui nobis ut. Dolore expedita expedita voluptatem incidunt ut. Hic nihil enim autem voluptatem asperiores autem.','2023-06-27 17:07:17','2023-06-27 17:07:17',NULL),(203,'Diego','11','(91) 2455-1621','raphael68@pena.net.br','Accusamus fuga eos magni optio aut. Quia explicabo aut ut. Veritatis incidunt ut sunt voluptatem possimus non ipsam ut.','2023-06-27 17:07:17','2023-06-27 17:07:17',NULL),(204,'Pérola','11','(64) 96701-2131','sandra.salazar@rodrigues.com.br','Corrupti est ut accusamus illum voluptas in quia. Maxime beatae totam et aut. Itaque beatae et tenetur omnis consequatur id ratione. Sit impedit soluta nobis ullam in tempore nisi vel.','2023-06-27 17:07:17','2023-06-27 17:07:17',NULL),(205,'Fabiano','11','(87) 93461-8147','everton.teles@marques.net','At molestiae officia enim reprehenderit voluptas molestiae asperiores. Similique perspiciatis velit accusamus saepe perspiciatis veritatis quia in. Quibusdam numquam dolorum qui necessitatibus. Sed quis eaque omnis cupiditate corporis.','2023-06-27 17:07:17','2023-06-27 17:07:17',NULL),(206,'Jaqueline','11','(93) 91881-5059','tais.fontes@mares.org','Culpa aut nostrum error. Possimus eum ea ut qui. Officia reprehenderit totam qui doloribus vel possimus modi. Voluptatibus dolores non dicta nam vitae quod.','2023-06-27 17:07:17','2023-06-27 17:07:17',NULL),(207,'Joana','11','(94) 3920-4470','garcia.flavio@terra.com.br','Qui et dolorum architecto aut ipsum. Similique dignissimos ut tempore delectus dolores. Perspiciatis fugit cupiditate maiores est. Iusto quia quos est nihil in asperiores.','2023-06-27 17:07:17','2023-06-27 17:07:17',NULL),(208,'Alan','11','(93) 2849-6834','xfurtado@oliveira.org','Culpa cupiditate dolores corrupti error odit ea velit et. Dolor in autem perspiciatis sed sit qui provident. Autem blanditiis vitae voluptatibus sed ut dolor blanditiis.','2023-06-27 17:07:17','2023-06-27 17:07:17',NULL),(209,'Caroline','11','(91) 98933-9827','malena.maldonado@yahoo.com','Eius consectetur molestiae id vel alias voluptates. Et cumque est esse reprehenderit molestiae. Alias dicta aliquid beatae et quod molestiae est. Voluptatem ut incidunt omnis praesentium eaque.','2023-06-27 17:07:17','2023-06-27 17:07:17',NULL),(210,'Wesley','11','(69) 2589-9576','arruda.carolina@mendonca.br','Autem atque sit vel beatae ut. Amet nemo blanditiis nesciunt exercitationem. Rerum quisquam vitae voluptatem optio iusto est.','2023-06-27 17:07:17','2023-06-27 17:07:17',NULL),(211,'Isaac','11','(16) 3855-3083','simao.ortega@terra.com.br','Ullam fugit nam fugiat. Sit quibusdam ea qui blanditiis consequatur eum voluptas. Hic voluptas voluptatem error deserunt et. Qui aut est qui ratione impedit hic.','2023-06-27 17:07:17','2023-06-27 17:07:17',NULL),(212,'Diego','11','(99) 2183-9087','cdeoliveira@ig.com.br','Ab repudiandae aut voluptas perferendis eligendi. Velit eaque perspiciatis voluptatem deserunt alias. Placeat occaecati vel distinctio nam quaerat consequatur. Accusantium ipsum id cumque rerum minima. Cumque velit cum doloribus et vitae molestiae.','2023-06-27 17:07:17','2023-06-27 17:07:17',NULL),(213,'Isabel','11','(35) 3805-0697','felipe72@carmona.org','Quis optio quaerat error autem esse aut veritatis. Voluptatem optio hic sit perspiciatis asperiores corporis. Et quia qui voluptate itaque.','2023-06-27 17:07:17','2023-06-27 17:07:17',NULL),(214,'Rodrigo','11','(17) 2064-4904','mvega@padilha.com.br','Enim numquam placeat nulla. Enim porro distinctio dolor dolor doloribus recusandae fugiat. Voluptatem praesentium praesentium at incidunt aut est porro. Quae mollitia dolores ut hic expedita minus. In sequi sit dolores numquam reprehenderit.','2023-06-27 17:07:17','2023-06-27 17:07:17',NULL),(215,'Heloísa','11','(96) 3391-0623','emanuel90@ig.com.br','Ducimus ratione dolores voluptas eum. Rerum alias ut ut autem dolor laboriosam dolore. Et quam quia reiciendis commodi. Rerum consequatur ut magni unde et.','2023-06-27 17:07:17','2023-06-27 17:07:17',NULL),(216,'Anderson','11','(32) 97020-7945','pablo01@terra.com.br','Soluta tempora quam sequi at et corporis. Repellendus quis ea doloremque quis ab sit inventore. Tempore quas qui optio voluptatem vitae non. Quo recusandae omnis molestiae et.','2023-06-27 17:07:17','2023-06-27 17:07:17',NULL),(217,'Cléber','11','(38) 98022-8371','edson66@uol.com.br','Necessitatibus voluptatibus aspernatur voluptas est. Sint assumenda saepe ratione ullam aut voluptatem sed sed. Veniam aut asperiores inventore enim ipsa.','2023-06-27 17:07:17','2023-06-27 17:07:17',NULL),(218,'Sofia','11','(54) 4379-3016','cleber.duarte@valencia.com','Illum autem expedita sapiente ipsum alias. Repudiandae voluptatibus modi fugiat ut aliquam labore. Omnis qui in nesciunt non et natus.','2023-06-27 17:07:17','2023-06-27 17:07:17',NULL),(219,'Otávio','11','(91) 94905-5050','cvalente@domingues.br','Voluptas earum cumque omnis nihil minima quidem reiciendis nobis. Nobis dolores aut impedit. Saepe id et aperiam delectus quae enim possimus.','2023-06-27 17:07:17','2023-06-27 17:07:17',NULL),(220,'Júlia','11','(51) 3774-8563','cauan.sales@serrano.com.br','Quas voluptate eius saepe iusto sed. Excepturi vel occaecati qui quod. Rerum alias rerum sint dolorum eius id est dolore. Beatae ducimus ab consectetur voluptas voluptas autem.','2023-06-27 17:07:17','2023-06-27 17:07:17',NULL),(221,'Bella','11','(37) 2565-7928','bquintana@dasneves.net.br','Consequatur qui nesciunt tempore esse quasi aliquam maxime. Non dignissimos tempora expedita hic. Et repellendus minus autem quam non ullam nisi.','2023-06-27 17:07:17','2023-06-27 17:07:17',NULL),(222,'Maurício','11','(66) 91188-1879','feliciano.matheus@r7.com','Quo ab qui qui aliquid in molestias harum earum. Repellendus nesciunt fuga repudiandae sit nulla cum. Expedita ut molestias sint quidem saepe mollitia.','2023-06-27 17:07:17','2023-06-27 17:07:17',NULL),(223,'Camilo','11','(53) 94710-0810','betina.meireles@ig.com.br','Repellat aut rem quasi veritatis hic aut. Labore pariatur aspernatur et quia iste molestiae vero. Nesciunt soluta numquam exercitationem corporis. Recusandae quaerat necessitatibus deserunt qui.','2023-06-27 17:07:17','2023-06-27 17:07:17',NULL),(224,'Jéssica','11','(13) 3301-1762','mariana57@terra.com.br','Voluptatem dignissimos earum et eligendi aliquam accusantium. Quis ad facilis occaecati rerum nihil sunt rerum repudiandae. Libero accusamus cumque odio et qui sunt.','2023-06-27 17:07:17','2023-06-27 17:07:17',NULL),(225,'Máximo','11','(14) 91542-6752','sofia13@velasques.com.br','Facilis ut cupiditate rerum enim dolorem. Natus quod exercitationem accusantium voluptates dignissimos numquam. Odio omnis enim odit facere qui.','2023-06-27 17:07:17','2023-06-27 17:07:17',NULL),(226,'Danielle','11','(98) 2635-0099','carmona.theo@hotmail.com','Quo voluptatem qui et autem enim ab. Itaque incidunt quisquam aspernatur iste quis ut. Sunt illo fuga eos excepturi voluptatem. Laboriosam ut dolorem id iure. Dignissimos sunt molestiae occaecati vero sint at est.','2023-06-27 17:07:17','2023-06-27 17:07:17',NULL),(227,'Marina','11','(93) 90994-6275','tessalia93@queiros.net.br','Ratione tempora cupiditate non quos fuga omnis. Corrupti cum omnis sed necessitatibus qui voluptates fugiat. Sapiente nostrum voluptatem eos consequatur rerum ut.','2023-06-27 17:07:17','2023-06-27 17:07:17',NULL),(228,'Estêvão','11','(15) 92342-5661','cecilia.deverso@dearruda.br','Ipsam tempore veritatis at id sit reiciendis. Nam fuga eaque excepturi incidunt cum doloribus eum. Aliquam omnis hic dolore nihil sunt neque. Velit suscipit possimus architecto sunt molestias.','2023-06-27 17:07:17','2023-06-27 17:07:17',NULL),(229,'Giovane','11','(21) 94512-0565','martines.inacio@estrada.br','Praesentium ut quia non cumque eos quo. Non aut laudantium qui minus iste. In incidunt maiores et vero qui. Natus aperiam nisi aut ducimus debitis ratione officiis.','2023-06-27 17:07:17','2023-06-27 17:07:17',NULL),(230,'Benício','11','(22) 3366-7234','leal.michael@ramires.net.br','Harum natus dicta impedit quia aut recusandae. Numquam vel vero eveniet omnis id. Non recusandae aliquam qui voluptates esse enim non ut.','2023-06-27 17:07:17','2023-06-27 17:07:17',NULL),(231,'Norma','11','(41) 95729-2823','kmeireles@terra.com.br','Dignissimos explicabo esse repellat quis et tenetur ea. Saepe maxime asperiores debitis et error aspernatur a. Ullam consequatur dolore voluptatem dignissimos minima blanditiis nisi beatae.','2023-06-27 17:07:17','2023-06-27 17:07:17',NULL),(232,'Laiane','11','(94) 3484-4377','valentin.marin@gomes.br','Aut quibusdam velit consequatur et laboriosam totam vitae. Deleniti facere ipsa quos modi corrupti labore. Atque et optio dolor inventore harum quis eos.','2023-06-27 17:07:17','2023-06-27 17:07:17',NULL),(233,'Simone','11','(97) 2060-8046','salazar.christopher@ig.com.br','Voluptatum aliquid quos cupiditate voluptatum inventore beatae. Odio distinctio voluptatem id aspernatur quae totam. Consequuntur sapiente id illo eum non.','2023-06-27 17:07:17','2023-06-27 17:07:17',NULL),(234,'Edson','11','(73) 94562-3995','hosana.saito@gmail.com','Facere illo at laborum expedita enim. Et labore adipisci quo in. Aliquam ipsum voluptas a dignissimos.','2023-06-27 17:07:17','2023-06-27 17:07:17',NULL),(235,'Lara','11','(21) 4941-3668','amanda70@guerra.br','Et architecto mollitia est nobis dignissimos. Aut delectus commodi quidem et.','2023-06-27 17:07:17','2023-06-27 17:07:17',NULL),(236,'Yohanna','11','(18) 97262-5705','patricia.estrada@ig.com.br','Ab eveniet asperiores ad rerum est quia. Et consequatur commodi officia eius dolor numquam qui. Omnis libero sed velit officiis quia autem aut. Sunt similique dolorem totam.','2023-06-27 17:07:17','2023-06-27 17:07:17',NULL),(237,'Maraisa','11','(44) 3397-9708','toledo.gustavo@valdez.com.br','Dignissimos perspiciatis soluta quia officia. Et molestias soluta accusamus. Sequi omnis quam sit iusto esse perferendis eveniet. Voluptatem veniam dignissimos laboriosam ea dignissimos veniam vitae.','2023-06-27 17:07:17','2023-06-27 17:07:17',NULL),(238,'Isabel','11','(42) 4363-0724','sepulveda.inacio@cervantes.com','Quia eligendi qui dolores eius. Ex quia velit ipsa est placeat sint in. Sint est quo ad et rerum labore molestias eligendi. In est eligendi quasi maiores quisquam. Velit nisi consequatur veniam et magnam unde dolores.','2023-06-27 17:07:17','2023-06-27 17:07:17',NULL),(239,'Adriele','11','(33) 98382-1974','otavio.cruz@balestero.com','Praesentium tempore quae ex in ducimus quis. Eveniet sed aut asperiores ut laboriosam deserunt. Velit culpa quisquam eius sunt vitae. Aliquid qui quia eius eum.','2023-06-27 17:07:17','2023-06-27 17:07:17',NULL),(240,'Mary','11','(37) 99265-7096','james38@flores.com','Eos ut quasi in aperiam. Cumque aut repellat id et. Distinctio vel vel quos itaque.','2023-06-27 17:07:17','2023-06-27 17:07:17',NULL),(241,'Adriano','11','(83) 4656-0963','qespinoza@uol.com.br','Facilis necessitatibus quis facilis veniam animi id corporis tempore. Veritatis itaque totam temporibus consequatur. Minima laudantium in voluptatum est repellendus odit nobis.','2023-06-27 17:07:17','2023-06-27 17:07:17',NULL),(242,'Mariah','11','(24) 98279-4629','cserna@hotmail.com','Hic molestiae minima consectetur rem. Et rerum ut et error quidem magni rerum repudiandae. Recusandae ex eum architecto omnis nihil. Omnis ea laudantium pariatur velit voluptas vel harum.','2023-06-27 17:07:17','2023-06-27 17:07:17',NULL),(243,'Elias','11','(48) 2813-1562','assuncao.andres@zambrano.com','Repellendus quo aspernatur hic et placeat ratione et. Repellat iure nemo omnis nulla nihil eveniet qui. Et soluta consequatur in vel. Nihil cum esse eveniet quo molestiae.','2023-06-27 17:07:17','2023-06-27 17:07:17',NULL),(244,'Isadora','11','(68) 93892-6289','perola33@cortes.com','Aut aut veritatis reiciendis. Omnis et beatae dolorem deleniti velit ab alias earum. Dolor quidem quam sed vero et sit dolor.','2023-06-27 17:07:17','2023-06-27 17:07:17',NULL),(245,'Emerson','11','(75) 97168-0357','jean99@hotmail.com','Nulla recusandae repellendus repellat necessitatibus sit nulla. Eos aperiam voluptates impedit itaque ad. Ea et et quae maxime ex omnis. Rerum est perferendis suscipit quo corrupti sed. Corporis aut magnam consequatur et id.','2023-06-27 17:07:17','2023-06-27 17:07:17',NULL),(246,'Kevin','11','(64) 96543-9333','ferminiano.livia@pontes.com','Temporibus facilis ut fugit esse suscipit. Vel ad architecto corrupti. Quas consectetur et sit sed.','2023-06-27 17:07:17','2023-06-27 17:07:17',NULL),(247,'Renato','11','(63) 93895-2677','duarte.gian@santiago.net','Consequuntur tenetur dolorum aliquid qui. Quis nesciunt ab quae magnam est.','2023-06-27 17:07:17','2023-06-27 17:07:17',NULL),(248,'Ana','11','(32) 2985-5274','cristian.rosa@barros.com','Eius voluptas dignissimos expedita aperiam. Quos molestias et quia. Quia officiis eos labore amet quo occaecati.','2023-06-27 17:07:17','2023-06-27 17:07:17',NULL),(249,'Jaqueline','11','(37) 4214-4770','larissa.pacheco@vieira.br','Libero non facilis et sed repudiandae et totam ea. Rerum veniam et nesciunt illum et aut perspiciatis omnis. Illo non sunt itaque nulla nemo quam. Numquam rerum commodi ut provident nam.','2023-06-27 17:07:17','2023-06-27 17:07:17',NULL),(250,'Michael','11','(92) 3374-0059','maicon33@godoi.com.br','Praesentium atque molestiae vitae voluptatem accusamus soluta quibusdam. Error sequi exercitationem voluptate ad expedita nostrum dicta. Ullam nam quia voluptates atque eum in sequi. Necessitatibus ullam autem nihil laudantium corrupti. Voluptatem vel officiis labore est perferendis tenetur et.','2023-06-27 17:07:17','2023-06-27 17:07:17',NULL),(251,'Thalissa','11','(49) 4531-5544','vinicius26@r7.com','Sed recusandae aut aut quis laboriosam a qui. Illum qui ut libero. Doloribus et hic aut ipsam. Placeat placeat tempora rerum quidem.','2023-06-27 17:08:13','2023-06-27 17:08:13',NULL),(252,'Lilian','11','(17) 2359-9512','franciele46@yahoo.com','Ipsum harum voluptatibus esse rem asperiores ab. Velit corporis sequi omnis omnis. Minus eum voluptatem ut. Rem magnam incidunt et. Totam consequuntur nihil eius dicta sunt.','2023-06-27 17:08:13','2023-06-27 17:08:13',NULL),(253,'Elias','11','(65) 99917-0699','melissa47@toledo.net.br','Iste aut pariatur illum aut sint. Similique voluptates quis voluptatem excepturi porro eum. Quis ex repudiandae nobis. Nulla alias odio fugit aut quisquam delectus doloremque.','2023-06-27 17:08:13','2023-06-27 17:08:13',NULL),(254,'Flor','11','(55) 92506-5296','sanches.lavinia@ig.com.br','Sunt laborum est qui omnis. Soluta placeat consequatur sapiente quam eum id. Qui labore facere commodi aspernatur et assumenda.','2023-06-27 17:08:13','2023-06-27 17:08:13',NULL),(255,'Mariah','11','(24) 2778-1728','elisa.ferminiano@ig.com.br','Est corporis nulla odio. Ut harum commodi porro nihil.','2023-06-27 17:08:13','2023-06-27 17:08:13',NULL),(256,'Paula','11','(17) 95994-7783','wmascarenhas@defreitas.com','Sit non eos cum voluptas soluta velit. Qui excepturi et suscipit nihil odio. Dicta commodi quisquam consequatur soluta non molestiae deserunt. Voluptas aut ducimus aut. Nemo perspiciatis neque aliquid dolores.','2023-06-27 17:08:13','2023-06-27 17:08:13',NULL),(257,'Walter','11','(87) 4646-4203','cristovao.queiros@r7.com','Ex corrupti deserunt facilis omnis cum itaque. Culpa eos adipisci beatae consequuntur. Inventore enim expedita cupiditate quis voluptas. Quibusdam veniam nobis doloremque quisquam rem enim.','2023-06-27 17:08:13','2023-06-27 17:08:13',NULL),(258,'Esther','11','(47) 97825-9362','lozano.alma@r7.com','Enim laudantium saepe eaque provident aliquid necessitatibus. Voluptas sint accusamus aut velit reprehenderit. Rerum delectus quo provident quia molestiae. Et atque aut iure dolore repudiandae quia.','2023-06-27 17:08:13','2023-06-27 17:08:13',NULL),(259,'Joaquim','11','(37) 99410-3867','salgado.jean@terra.com.br','Aut mollitia rerum molestiae suscipit quisquam dolores. Aut aut enim illo numquam amet voluptates. Enim dolores est nihil praesentium.','2023-06-27 17:08:13','2023-06-27 17:08:13',NULL),(260,'Ricardo','11','(74) 90974-2548','tdefreitas@rangel.net','Qui non consequuntur aut qui. Aut veritatis recusandae impedit et libero. Et nobis et molestiae beatae hic. Distinctio harum quaerat fugit id.','2023-06-27 17:08:13','2023-06-27 17:08:13',NULL),(261,'Simão','11','(18) 92233-2081','fernando55@hotmail.com','Aut et amet quaerat quas aut. Rem voluptas qui reprehenderit rerum velit est architecto. Officia vel animi veritatis omnis iure.','2023-06-27 17:08:13','2023-06-27 17:08:13',NULL),(262,'Marta','11','(89) 96230-8676','milena.duarte@rios.net','Ut dolorem mollitia iste incidunt itaque qui tenetur ullam. Nulla rerum tenetur excepturi optio. Recusandae error ipsum quidem qui. Exercitationem repudiandae aut illum voluptas. Consequatur pariatur sint voluptates in alias commodi.','2023-06-27 17:08:13','2023-06-27 17:08:13',NULL),(263,'Camila','11','(95) 91061-8338','franco.mascarenhas@terra.com.br','Autem quas rerum molestiae fugit aut exercitationem vel. Quia incidunt doloribus similique cupiditate omnis dolorem. Dicta perspiciatis aut et et. Pariatur quia dolorem iste quasi saepe omnis.','2023-06-27 17:08:13','2023-06-27 17:08:13',NULL),(264,'Denis','11','(82) 96171-8949','alan.darosa@leal.br','Ut placeat beatae aut iure. Aut sunt corporis debitis cum.','2023-06-27 17:08:13','2023-06-27 17:08:13',NULL),(265,'Luis','11','(43) 96997-6916','mariah91@montenegro.net','Necessitatibus molestiae quaerat non animi architecto culpa. Labore voluptatem cum et voluptas rem similique. Expedita enim ullam sunt. Rerum vero eius a ratione totam ipsa.','2023-06-27 17:08:13','2023-06-27 17:08:13',NULL),(266,'Rafaela','11','(79) 3300-6727','sflores@padrao.net','Architecto dicta sed alias totam enim aut et. Et accusantium esse laboriosam corrupti sit. Sint consequatur numquam qui sit.','2023-06-27 17:08:13','2023-06-27 17:08:13',NULL),(267,'Gustavo','11','(21) 4128-8536','xbonilha@gmail.com','Quas ut quo eum officia. Aut vitae debitis qui. Eaque velit ea sequi porro magni voluptatem itaque quia.','2023-06-27 17:08:13','2023-06-27 17:08:13',NULL),(268,'Violeta','11','(91) 2771-4552','benedito.ramos@hotmail.com','Similique officiis reiciendis voluptatum non maxime explicabo ipsam. Qui expedita non quas qui voluptate alias. Explicabo molestiae explicabo commodi maiores quis cum sunt.','2023-06-27 17:08:13','2023-06-27 17:08:13',NULL),(269,'José','11','(33) 95564-8786','mario.toledo@terra.com.br','Vel beatae excepturi veniam ea. Culpa eveniet rem aut qui omnis non ad. Quasi dolores magni natus. Soluta accusamus aut illum ut. Sint beatae dolorem corporis aut.','2023-06-27 17:08:13','2023-06-27 17:08:13',NULL),(270,'Maicon','11','(91) 91472-5931','sabrina77@batista.com','Vel debitis sunt nobis quos. Enim qui velit magni omnis commodi. Autem saepe tempore ullam cumque.','2023-06-27 17:08:13','2023-06-27 17:08:13',NULL),(271,'Ornela','11','(41) 3395-6297','rrangel@aragao.br','Omnis et temporibus iusto quis fugiat rerum. Blanditiis ea hic unde inventore error deserunt. Sed vitae reiciendis quasi molestias neque eos quaerat. Consequuntur officia numquam qui nostrum.','2023-06-27 17:08:13','2023-06-27 17:08:13',NULL),(272,'Ayla','11','(88) 2800-1177','giovane27@santiago.br','Excepturi aut perferendis nam accusantium est eveniet autem. Ducimus quo eos quod. Tenetur ipsam quis amet impedit veniam corrupti. Ut ut non necessitatibus rem eos nam deserunt. Quos consectetur deserunt dolorem officiis molestias voluptatem.','2023-06-27 17:08:13','2023-06-27 17:08:13',NULL),(273,'Marcelo','11','(19) 93875-9223','brito.iasmin@verdara.net','Voluptates voluptas nihil ut incidunt qui vel incidunt. Impedit autem provident ex libero. Officia tenetur dicta velit aspernatur. Voluptatum quibusdam ut sed qui sit aut iusto.','2023-06-27 17:08:13','2023-06-27 17:08:13',NULL),(274,'Rosana','11','(41) 96807-3685','fabiana24@cordeiro.org','Error qui ab sed debitis cupiditate ea eius. Minus eius autem adipisci sunt. Officiis omnis ut ut iusto voluptas nam et. Debitis explicabo sed aut illo ipsam.','2023-06-27 17:08:13','2023-06-27 17:08:13',NULL),(275,'Juliano','11','(41) 2316-5468','mendes.miranda@verdugo.br','Non architecto incidunt sed odio voluptatibus. Minima placeat voluptates voluptas reprehenderit explicabo dolorem corrupti et. Rerum repudiandae nobis omnis voluptatem eveniet vel. Assumenda earum dolore est optio saepe.','2023-06-27 17:08:13','2023-06-27 17:08:13',NULL),(276,'Carlos','11','(99) 2640-3725','lozano.giovanna@r7.com','Ducimus quaerat saepe ut officiis quia debitis aut. Sequi suscipit quam iusto nihil. Non ut minus neque recusandae eveniet nostrum sapiente. Modi odit cupiditate eligendi illum.','2023-06-27 17:08:13','2023-06-27 17:08:13',NULL),(277,'Renato','11','(62) 3856-8824','daniel.verdara@terra.com.br','Nulla molestiae maxime similique voluptatem explicabo minus esse. Amet alias labore iusto. Qui placeat accusamus id cupiditate.','2023-06-27 17:08:13','2023-06-27 17:08:13',NULL),(278,'Rosana','11','(68) 94798-1402','lais.furtado@terra.com.br','Tenetur accusamus ipsa necessitatibus voluptatum qui illo odit doloribus. Officiis quae reprehenderit vero iure. Reiciendis ratione expedita quasi voluptatem quaerat. Magnam quidem ipsa ipsam maiores impedit voluptatibus.','2023-06-27 17:08:13','2023-06-27 17:08:13',NULL),(279,'Aurora','11','(31) 4522-2169','matias.estrada@rico.com','Culpa rem aliquam maxime optio eligendi. Vitae odio fugit velit eligendi aut ipsum numquam. Voluptate amet qui dolore voluptatem hic voluptatem. Beatae rerum nostrum quidem a doloremque est dolorum. Fugit sint ut et magnam tenetur laborum.','2023-06-27 17:08:13','2023-06-27 17:08:13',NULL),(280,'Kelly','11','(87) 90828-6739','melina.valentin@gmail.com','Provident recusandae possimus aperiam dolor maiores et cum et. Aut rerum voluptatem id. Possimus libero eaque officiis occaecati nesciunt ducimus.','2023-06-27 17:08:13','2023-06-27 17:08:13',NULL),(281,'Jéssica','11','(85) 92524-3737','qlourenco@desouza.com','Eius deleniti aut sunt quis est quia accusamus. Autem deserunt qui et maxime. Labore vel deleniti voluptatem beatae incidunt consequatur hic et. Eum iusto maxime placeat assumenda ut earum sunt quo.','2023-06-27 17:08:13','2023-06-27 17:08:13',NULL),(282,'Ingrid','11','(38) 90878-6189','desouza.sofia@galhardo.org','Nihil accusamus ut consequuntur distinctio commodi qui sunt assumenda. Qui iste rerum dolores consequatur laudantium. Reprehenderit ullam et sed excepturi aliquid. Quisquam totam corrupti commodi.','2023-06-27 17:08:13','2023-06-27 17:08:13',NULL),(283,'Eva','11','(45) 4729-4478','marta30@fonseca.org','Recusandae et incidunt dolor qui officia aliquam. Officia cupiditate hic nihil rem. Est quos debitis laborum ducimus eius quo. Autem aut enim dignissimos eius.','2023-06-27 17:08:13','2023-06-27 17:08:13',NULL),(284,'Janaina','11','(92) 98656-8572','henrique37@goncalves.com','Fugiat distinctio iure harum. Voluptatem nemo veritatis atque corrupti dolore. Et optio possimus ea adipisci architecto ducimus inventore.','2023-06-27 17:08:13','2023-06-27 17:08:13',NULL),(285,'James','11','(67) 3880-8888','leal.poliana@fontes.com.br','Culpa architecto sed beatae voluptatem a quaerat minus a. Earum voluptate harum et dignissimos architecto nobis eaque. Corporis et quia dolor iste error necessitatibus officiis suscipit. Nisi perferendis omnis et et veniam est delectus. Est quod consectetur voluptatem.','2023-06-27 17:08:13','2023-06-27 17:08:13',NULL),(286,'Poliana','11','(73) 92470-4040','qescobar@terra.com.br','A illum voluptatum ipsam voluptates voluptatem. Sit debitis repellendus quasi quisquam distinctio. Voluptates error blanditiis magnam officiis sed sed. Consequatur ex itaque sit et aut rerum.','2023-06-27 17:08:13','2023-06-27 17:08:13',NULL),(287,'Yasmin','11','(83) 90249-7693','agatha.maia@terra.com.br','Vero doloremque rerum sed in animi et. Dolores aut quis quia laudantium necessitatibus nulla repellendus. Rerum soluta quia cumque sequi similique itaque numquam.','2023-06-27 17:08:13','2023-06-27 17:08:13',NULL),(288,'Danilo','11','(69) 91231-7788','galindo.katherine@torres.net.br','Dolor et nulla sit libero amet nulla iure. Placeat numquam eos nemo eum mollitia. Dolorem voluptatem eaque quia magnam. Pariatur provident a officia voluptates soluta est autem.','2023-06-27 17:08:13','2023-06-27 17:08:13',NULL),(289,'Aline','11','(19) 2918-6495','proque@terra.com.br','Itaque officiis qui voluptas autem numquam et voluptatem. Optio id quia quae ex. Quia unde velit corporis fugiat.','2023-06-27 17:08:13','2023-06-27 17:08:13',NULL),(290,'Teobaldo','11','(31) 4467-8508','inacio10@deoliveira.net.br','Incidunt et rerum quis accusantium cum. Mollitia eum laboriosam dolor nihil vitae officiis et excepturi. Similique reprehenderit nobis magni labore iure non ipsam. Aliquid distinctio quas placeat voluptatem.','2023-06-27 17:08:13','2023-06-27 17:08:13',NULL),(291,'Sueli','11','(88) 4052-0631','galindo.danilo@gmail.com','Enim omnis et repudiandae molestiae accusantium aspernatur hic odio. Nesciunt distinctio consequatur veritatis tenetur. Excepturi et excepturi adipisci tenetur id sunt et. Maxime tempora vero qui harum earum incidunt sed repellendus.','2023-06-27 17:08:13','2023-06-27 17:08:13',NULL),(292,'Mário','11','(11) 92450-8556','jaqueline.guerra@hotmail.com','Voluptatum excepturi voluptates illo quaerat. Sed nisi et ullam eius id dignissimos excepturi. Vel dolorem est harum eum amet.','2023-06-27 17:08:13','2023-06-27 17:08:13',NULL),(293,'Sandro','11','(95) 2684-5930','lvila@sandoval.org','Quia fuga quam autem rerum totam quia. Doloribus non ut quod. Repudiandae magnam illo voluptatum quo velit quam et. Quo reprehenderit exercitationem ipsa labore ab asperiores. Reiciendis quod cumque animi veritatis delectus atque voluptates qui.','2023-06-27 17:08:13','2023-06-27 17:08:13',NULL),(294,'Maísa','11','(94) 2493-5025','sales.karina@faro.com','Veritatis distinctio ut labore sequi. Quo doloremque perferendis aut facere accusamus. Unde et maxime atque cupiditate expedita enim animi dolorem.','2023-06-27 17:08:13','2023-06-27 17:08:13',NULL),(295,'Joaquim','11','(19) 92974-6373','tcarvalho@gmail.com','Earum impedit ut sunt nihil consequuntur officiis fugit a. Temporibus vel nesciunt aut deserunt possimus ut.','2023-06-27 17:08:13','2023-06-27 17:08:13',NULL),(296,'Isis','11','(42) 94861-8557','nbarros@amaral.com.br','At sunt qui unde voluptatem. Accusantium quia consequatur sit fugit ut quod. Placeat enim amet at voluptatem eveniet.','2023-06-27 17:08:13','2023-06-27 17:08:13',NULL),(297,'César','11','(32) 98367-7917','lorenzo86@gmail.com','Eius nostrum sint nobis dolorum aut porro quibusdam earum. Nam neque odit officia iure. Nihil dolores aperiam reprehenderit similique consequatur corporis.','2023-06-27 17:08:13','2023-06-27 17:08:13',NULL),(298,'Thales','11','(88) 3942-0817','rangel.thiago@hotmail.com','Et ullam ad totam beatae vel quaerat. Animi aut vitae dolorum. Asperiores non laboriosam neque quo ipsam expedita delectus. Voluptatem nulla illo voluptatem consequatur.','2023-06-27 17:08:13','2023-06-27 17:08:13',NULL),(299,'Rodolfo','11','(27) 3530-5339','guilherme.esteves@rodrigues.com.br','Provident animi incidunt similique perferendis natus. Non modi suscipit facilis ut non voluptatum. Praesentium illum veritatis fuga autem necessitatibus. Sunt veniam pariatur et repellat asperiores et tempora.','2023-06-27 17:08:13','2023-06-27 17:08:13',NULL),(300,'Fernando','11','(38) 2337-7097','cristian03@bezerra.com','Necessitatibus molestias aut qui omnis. Vel velit rerum placeat eos corrupti. Qui rerum eos tempora eos sed. Dolor voluptatem est possimus laudantium saepe aspernatur omnis.','2023-06-27 17:08:13','2023-06-27 17:08:13',NULL);
/*!40000 ALTER TABLE `clientes` ENABLE KEYS */;
UNLOCK TABLES;

--
-- Table structure for table `clientes_enderecos`
--

DROP TABLE IF EXISTS `clientes_enderecos`;
/*!40101 SET @saved_cs_client     = @@character_set_client */;
/*!50503 SET character_set_client = utf8mb4 */;
CREATE TABLE `clientes_enderecos` (
  `id_cliente_endereco` int(10) unsigned NOT NULL AUTO_INCREMENT,
  `id_cliente` int(11) NOT NULL,
  `id_endereco` int(11) NOT NULL,
  `observacoes` text COLLATE utf8mb4_unicode_ci,
  `created_at` timestamp NULL DEFAULT NULL,
  `updated_at` timestamp NULL DEFAULT NULL,
  `deleted_at` timestamp NULL DEFAULT NULL,
  PRIMARY KEY (`id_cliente_endereco`)
) ENGINE=MyISAM AUTO_INCREMENT=101 DEFAULT CHARSET=utf8mb4 COLLATE=utf8mb4_unicode_ci;
/*!40101 SET character_set_client = @saved_cs_client */;

--
-- Dumping data for table `clientes_enderecos`
--

LOCK TABLES `clientes_enderecos` WRITE;
/*!40000 ALTER TABLE `clientes_enderecos` DISABLE KEYS */;
INSERT INTO `clientes_enderecos` VALUES (1,25,38,'Maiores unde molestiae culpa enim. Consequatur autem hic distinctio deleniti amet laboriosam quos. Est tenetur et qui vero reiciendis dolore dolore. Et distinctio reiciendis sunt eum eaque exercitationem.','2023-06-27 17:34:57','2023-06-27 17:34:57',NULL),(2,34,12,'Quidem asperiores facilis repellendus qui earum. Vel ipsam eos eos veniam exercitationem atque. Nam non ullam harum reiciendis velit dolorum. Ut aut molestiae optio laudantium sit adipisci iste.','2023-06-27 17:34:57','2023-06-27 17:34:57',NULL),(3,48,8,'Corporis provident optio sit eius ipsa. Aut repudiandae doloremque perspiciatis officia aut unde neque. Et sed accusamus perferendis aperiam.','2023-06-27 17:34:57','2023-06-27 17:34:57',NULL),(4,24,15,'Ut vel aut ut dolores accusamus. Possimus illum maiores ex porro ducimus illum ullam. Doloremque laudantium aut doloremque delectus deserunt ut cumque. Vitae alias ut ipsam magni.','2023-06-27 17:34:57','2023-06-27 17:34:57',NULL),(5,1,15,'Beatae perferendis voluptas sed omnis. Natus ut culpa maxime est repellendus.','2023-06-27 17:34:57','2023-06-27 17:34:57',NULL),(6,41,27,'Eum sunt exercitationem error natus. Suscipit ut ipsam molestiae ut quasi officiis odit. Eos sit cupiditate voluptatibus odio consectetur.','2023-06-27 17:34:57','2023-06-27 17:34:57',NULL),(7,21,40,'Autem ut et at iure minus non doloremque. Blanditiis repudiandae enim deleniti architecto quaerat. Eaque ut veniam eveniet assumenda illo omnis quidem. Voluptas qui ut nam et repellat temporibus sunt.','2023-06-27 17:34:57','2023-06-27 17:34:57',NULL),(8,50,40,'A incidunt quia eos ut totam dolores dolorem. Sapiente officiis nihil saepe id. Molestiae atque aut ea vel nam doloribus. Omnis ex rerum est aut.','2023-06-27 17:34:57','2023-06-27 17:34:57',NULL),(9,8,43,'Voluptatibus at cupiditate voluptatem doloribus quidem. Optio saepe quam unde ullam quia pariatur. Et provident quaerat magnam magnam est enim id.','2023-06-27 17:34:57','2023-06-27 17:34:57',NULL),(10,48,24,'Ut minus nemo dignissimos placeat et ea ipsum. Qui exercitationem nostrum occaecati iure tempore culpa earum. Provident totam laudantium at eveniet accusantium.','2023-06-27 17:34:57','2023-06-27 17:34:57',NULL),(11,29,6,'Rerum corporis commodi laudantium architecto earum. Vitae qui eum nesciunt voluptas labore similique est. Nam delectus unde consequatur fuga nam. Tenetur fugit est officiis illum sunt et quidem.','2023-06-27 17:34:57','2023-06-27 17:34:57',NULL),(12,13,21,'Consectetur et blanditiis ex pariatur vero fugit. Totam provident id optio ut voluptas. Illo iste delectus quo assumenda. Natus laudantium sunt illum corporis.','2023-06-27 17:34:57','2023-06-27 17:34:57',NULL),(13,1,10,'Doloribus id ex dolor nesciunt aut a atque quo. Quasi quia ut enim assumenda qui. Provident at fuga temporibus id officia unde.','2023-06-27 17:34:57','2023-06-27 17:34:57',NULL),(14,12,48,'Velit unde veritatis est aliquid. Enim ut in adipisci velit explicabo. Tenetur nam voluptas quis adipisci fugit quam rem sit.','2023-06-27 17:34:57','2023-06-27 17:34:57',NULL),(15,15,41,'Harum qui voluptates possimus. Adipisci blanditiis et omnis et. Quis excepturi esse quisquam officia. Quibusdam a possimus sit et vero in.','2023-06-27 17:34:57','2023-06-27 17:34:57',NULL),(16,41,33,'Laboriosam nesciunt et vel tenetur sequi. Iure repellendus aut error minus minima. Adipisci dolore ut et mollitia voluptatem voluptas. Reiciendis dolor doloribus quis odit facere reiciendis id.','2023-06-27 17:34:57','2023-06-27 17:34:57',NULL),(17,7,48,'Consequatur itaque eos nam excepturi et sunt id. Fugiat ullam sint velit velit.','2023-06-27 17:34:57','2023-06-27 17:34:57',NULL),(18,12,31,'Odio consequatur facilis cupiditate adipisci quod est architecto. Qui ipsum labore ut qui esse in. Quam quidem sed aut laborum aliquid. Cumque qui itaque est quis.','2023-06-27 17:34:57','2023-06-27 17:34:57',NULL),(19,43,15,'Expedita laudantium explicabo voluptas quis. Laborum vel molestiae consequatur aspernatur velit. Voluptatem quas nisi vero ut. Molestiae saepe exercitationem beatae ut cupiditate eos aspernatur.','2023-06-27 17:34:57','2023-06-27 17:34:57',NULL),(20,19,42,'Reiciendis ullam rem error veniam. Natus dolor dolore soluta officia qui labore aut vitae. Dolorem repudiandae aliquid est illo voluptatem quia officia architecto. Deserunt at non natus et ullam sit enim.','2023-06-27 17:34:57','2023-06-27 17:34:57',NULL),(21,12,23,'Ut esse quis vel atque consequatur cumque. Facere quis qui quis quam vel ex accusantium. Omnis cum id consequuntur aut vitae ut in. Consequuntur at dolorem et est occaecati sapiente eum.','2023-06-27 17:34:57','2023-06-27 17:34:57',NULL),(22,21,23,'Accusantium libero reprehenderit vel. Ea dignissimos voluptas ullam sunt. At porro explicabo qui blanditiis omnis quibusdam.','2023-06-27 17:34:57','2023-06-27 17:34:57',NULL),(23,20,39,'Laboriosam aut iusto maiores neque. Eveniet recusandae ullam eligendi eaque. Occaecati quidem enim cum non minus ipsam quos.','2023-06-27 17:34:57','2023-06-27 17:34:57',NULL),(24,9,19,'Fugit ad sequi distinctio dolorem consectetur. Id consequatur dolorum aut dolorum exercitationem maxime. Rerum quis doloremque est esse inventore rem voluptatem. Reprehenderit distinctio sequi non perferendis voluptatem.','2023-06-27 17:34:57','2023-06-27 17:34:57',NULL),(25,32,48,'Et illo cupiditate eius magnam impedit eligendi officia dolorum. Veritatis recusandae quis sint laborum libero iusto voluptatum. Consequatur adipisci in vero sed id sit sit tenetur. Eveniet ea sequi nemo quibusdam non soluta exercitationem ut.','2023-06-27 17:34:57','2023-06-27 17:34:57',NULL),(26,10,5,'Explicabo fuga et voluptatem fugit et hic voluptas odio. Quos reiciendis qui explicabo cupiditate sit.','2023-06-27 17:34:57','2023-06-27 17:34:57',NULL),(27,29,37,'Provident omnis fugiat neque et natus eos explicabo praesentium. Quae repellendus id temporibus enim. Quis quia numquam ut qui. Maxime qui deleniti debitis qui quos et explicabo.','2023-06-27 17:34:57','2023-06-27 17:34:57',NULL),(28,35,35,'Accusantium voluptatem reiciendis iure aut at dolor. Tenetur est magnam placeat deleniti. Consequatur cum excepturi consequatur ut ducimus sit doloremque. Et asperiores perspiciatis eos.','2023-06-27 17:34:57','2023-06-27 17:34:57',NULL),(29,33,43,'At minima sint animi qui eaque dolor. Velit placeat distinctio cum illo sunt molestiae. Accusantium at eos qui ea deserunt ullam. Labore quia ea aut et reprehenderit nihil cupiditate. Qui mollitia quis quidem non et eius.','2023-06-27 17:34:57','2023-06-27 17:34:57',NULL),(30,39,41,'Aut alias asperiores expedita. Est cumque fugit aut dolores aut quae fugiat. Consequatur quia iure minus rerum.','2023-06-27 17:34:57','2023-06-27 17:34:57',NULL),(31,8,41,'Sit consequatur et ratione qui praesentium vitae maiores. Vitae laborum nisi est nobis corporis.','2023-06-27 17:34:57','2023-06-27 17:34:57',NULL),(32,25,34,'Molestias odit consequatur similique aut impedit. Ut distinctio ratione sit qui eos atque voluptatem officia. Consequuntur sint in aut ducimus. Nobis ab inventore eos dolorem cumque sed animi.','2023-06-27 17:34:57','2023-06-27 17:34:57',NULL),(33,27,28,'Dolorum reiciendis molestias quis. Voluptates ex at id suscipit. Sequi possimus autem sint.','2023-06-27 17:34:57','2023-06-27 17:34:57',NULL),(34,30,6,'Tempore aliquid tempora aut et excepturi unde ea. Velit reiciendis laudantium corporis inventore. Dolor id placeat ipsum voluptatem quia est. Error et unde illum magnam.','2023-06-27 17:34:57','2023-06-27 17:34:57',NULL),(35,33,35,'Rerum ut asperiores a aut similique odit repellat explicabo. Fugiat iure facilis vel numquam. A dolorem tenetur est vel eos sunt non. Possimus libero aut sit sunt sed laudantium inventore.','2023-06-27 17:34:57','2023-06-27 17:34:57',NULL),(36,27,1,'Reiciendis aperiam hic accusantium hic aspernatur aspernatur. Nostrum repudiandae quis autem modi. Est et necessitatibus illum rerum laborum sit dolores. Reiciendis quia ipsa aut saepe animi reiciendis praesentium qui.','2023-06-27 17:34:57','2023-06-27 17:34:57',NULL),(37,27,12,'Quas qui ea temporibus eos. Reprehenderit ut nisi nihil ipsam quia facilis sed. Corporis qui quia et rerum. Consequatur tempora soluta aut libero.','2023-06-27 17:34:57','2023-06-27 17:34:57',NULL),(38,7,3,'Id corrupti consequatur qui. Alias est magni possimus. Atque veritatis illum magnam sunt ullam officiis. Quia error doloremque eos.','2023-06-27 17:34:57','2023-06-27 17:34:57',NULL),(39,43,46,'Voluptatem adipisci distinctio dolores est ab. Dolor rem quo fugit dolore. Eos dolores necessitatibus quod quaerat minima ut.','2023-06-27 17:34:57','2023-06-27 17:34:57',NULL),(40,6,21,'Provident beatae dolor voluptas cupiditate recusandae. Enim natus quaerat est enim consectetur quia. Beatae suscipit pariatur et exercitationem blanditiis quidem qui. Voluptatum molestiae necessitatibus adipisci nihil non omnis vel.','2023-06-27 17:34:57','2023-06-27 17:34:57',NULL),(41,50,42,'Rerum repellat cum eveniet et commodi. Exercitationem fugiat excepturi ut et vel. Quia enim in fugiat ipsam. Ex repellendus veritatis et velit. Rerum aut inventore deserunt nisi officia fugiat est rem.','2023-06-27 17:34:57','2023-06-27 17:34:57',NULL),(42,45,23,'Autem in dolorem incidunt excepturi cupiditate maiores. Cupiditate sit nobis est ad aperiam.','2023-06-27 17:34:57','2023-06-27 17:34:57',NULL),(43,41,40,'Explicabo et corporis accusantium aut totam facere architecto. Aut quod ipsa odio aut sunt nesciunt culpa velit. Sit et et quia officiis. Mollitia veniam fugit sit est nobis quas quasi.','2023-06-27 17:34:57','2023-06-27 17:34:57',NULL),(44,43,39,'Ducimus velit vitae sequi unde fugiat. Minima eius architecto sit. Earum est minima nobis non qui consequatur aliquam quia. Amet ab vel aut accusamus eum quod sed voluptas.','2023-06-27 17:34:57','2023-06-27 17:34:57',NULL),(45,12,21,'Vero voluptas quia ut est. Laborum et aperiam facilis quo animi mollitia. Incidunt voluptatum cupiditate incidunt facilis.','2023-06-27 17:34:57','2023-06-27 17:34:57',NULL),(46,19,15,'Ut quo esse ut voluptatibus sint ea tempore est. Exercitationem et cupiditate voluptatem voluptas et et occaecati placeat. Quisquam accusantium corrupti deserunt minus et deleniti quam.','2023-06-27 17:34:57','2023-06-27 17:34:57',NULL),(47,8,42,'Non incidunt qui ipsa et aliquid itaque ut velit. Dolor maxime ipsam quas facilis. Nostrum odio qui vel rerum illo aspernatur.','2023-06-27 17:34:57','2023-06-27 17:34:57',NULL),(48,38,27,'Ut harum nobis unde esse velit. Quia sit dolorem tenetur sed. Quod ut aliquid ratione blanditiis temporibus. Cum magnam quod ratione esse perspiciatis qui.','2023-06-27 17:34:57','2023-06-27 17:34:57',NULL),(49,49,23,'Quis quis amet explicabo enim quia ipsum. Harum laboriosam fugit eum quia enim excepturi fugiat. Voluptas veniam exercitationem repellendus dolorem aspernatur. Ratione voluptatem voluptatum nostrum laboriosam.','2023-06-27 17:34:57','2023-06-27 17:34:57',NULL),(50,9,36,'Qui quaerat velit qui vitae ab. Veniam rem impedit qui odit quae. Error itaque voluptatum aut ut. Dolore cumque et aliquid nisi non atque quas.','2023-06-27 17:34:57','2023-06-27 17:34:57',NULL),(51,26,42,'Nisi natus molestias laborum dolorum dicta autem dolorem voluptatem. Dolores hic qui eius animi ipsum. Distinctio ea accusantium qui exercitationem quo a.','2023-06-27 17:35:26','2023-06-27 17:35:26',NULL),(52,4,39,'Vero ipsa aut consequatur tempore nostrum. Voluptatum rem qui delectus eum non maiores. Enim vel veniam necessitatibus velit. Sed consequatur ut amet magni voluptas voluptatem consequatur.','2023-06-27 17:35:26','2023-06-27 17:35:26',NULL),(53,44,40,'Quae quos quia doloremque et. Dolores voluptas dolores quis. Libero qui placeat impedit dolorum eaque facere unde voluptas.','2023-06-27 17:35:26','2023-06-27 17:35:26',NULL),(54,48,48,'Quas nostrum perferendis magnam est. Quis recusandae ut tempora doloribus ad et. Rerum cumque fugit ducimus quia. Commodi et voluptatibus veniam cumque necessitatibus.','2023-06-27 17:35:26','2023-06-27 17:35:26',NULL),(55,33,50,'Error non rerum consequatur recusandae dicta corporis. Aut quos molestiae sint mollitia est eos non. Incidunt id dolorem temporibus earum. Labore tenetur illum est omnis quia qui.','2023-06-27 17:35:26','2023-06-27 17:35:26',NULL),(56,16,27,'Vel harum dolor cum voluptatem a non consequatur. Eos quis iure maxime dolor.','2023-06-27 17:35:26','2023-06-27 17:35:26',NULL),(57,13,42,'Rerum et voluptas est molestias vitae velit delectus. Sit ut quis eos beatae officia optio. Libero nisi culpa eius explicabo facilis laborum qui.','2023-06-27 17:35:26','2023-06-27 17:35:26',NULL),(58,41,21,'At explicabo qui eveniet magni aspernatur. Expedita at et facere adipisci. Sit nostrum error est ut.','2023-06-27 17:35:26','2023-06-27 17:35:26',NULL),(59,39,41,'Eos qui voluptatem praesentium incidunt impedit. Iusto qui et consequatur error autem quia. Beatae illo eaque laudantium occaecati perspiciatis.','2023-06-27 17:35:26','2023-06-27 17:35:26',NULL),(60,7,42,'Doloribus ut veritatis exercitationem expedita quisquam. Tempora voluptatem delectus delectus repellendus. Laborum dolorem enim nam quia est excepturi modi.','2023-06-27 17:35:26','2023-06-27 17:35:26',NULL),(61,50,27,'Nostrum similique illum delectus explicabo impedit quia. Autem veniam exercitationem quibusdam et illo quam. Aut neque quia ducimus eum.','2023-06-27 17:35:26','2023-06-27 17:35:26',NULL),(62,31,2,'Hic similique qui commodi molestias. Autem impedit voluptas eum dolor. Eligendi molestias eius eligendi sint et. Ut architecto magnam cum odit aliquid ut.','2023-06-27 17:35:26','2023-06-27 17:35:26',NULL),(63,8,8,'Pariatur non placeat ullam placeat nobis veniam. Quibusdam maiores distinctio necessitatibus voluptatem nam. Assumenda explicabo animi maxime.','2023-06-27 17:35:26','2023-06-27 17:35:26',NULL),(64,33,48,'Et praesentium veniam dicta repellendus omnis. Sint qui quod sit. Qui vel quis cum at laboriosam et. Soluta qui voluptatem maxime hic et enim. In architecto ut voluptates.','2023-06-27 17:35:26','2023-06-27 17:35:26',NULL),(65,27,2,'Distinctio libero assumenda corrupti sunt. Vel exercitationem aut et enim minus. Neque id adipisci consequatur qui dolorem.','2023-06-27 17:35:26','2023-06-27 17:35:26',NULL),(66,40,25,'Doloremque possimus molestiae fugiat consequatur fugit et facere ipsa. Ipsa voluptate eaque sit quisquam. Non doloribus esse eos culpa aut cumque blanditiis. Est non vero recusandae facilis sit.','2023-06-27 17:35:26','2023-06-27 17:35:26',NULL),(67,38,37,'Dolores nihil officia omnis porro modi et. Illo ad beatae consequatur natus. Assumenda accusamus accusamus qui velit. Cupiditate facere et beatae quis.','2023-06-27 17:35:26','2023-06-27 17:35:26',NULL),(68,20,43,'Et earum sit vitae dicta et qui. Sed adipisci doloremque doloribus aliquid.','2023-06-27 17:35:26','2023-06-27 17:35:26',NULL),(69,22,34,'Vitae sit dignissimos aut vel ut harum in. Et hic eos est eos tempore impedit et numquam. Repudiandae ut rerum sunt atque.','2023-06-27 17:35:26','2023-06-27 17:35:26',NULL),(70,7,7,'Magnam et illum vel cum aut. Laudantium est aut incidunt adipisci cum quos. Possimus autem aliquid veniam qui qui omnis.','2023-06-27 17:35:26','2023-06-27 17:35:26',NULL),(71,27,8,'Aut perferendis esse nam quibusdam illum. Aut et rerum consequatur numquam quidem culpa. Reiciendis non qui consequatur quis cum repellat. Quo at repellendus consequuntur ea aspernatur optio tempore.','2023-06-27 17:35:26','2023-06-27 17:35:26',NULL),(72,33,4,'Minus maxime ea consequuntur aperiam quos rerum voluptatem. Eius porro voluptatem totam quam officia atque. Ut eligendi expedita omnis quia voluptate.','2023-06-27 17:35:26','2023-06-27 17:35:26',NULL),(73,11,22,'Consectetur necessitatibus odio iste nihil sint. Omnis vel facilis voluptas a rerum earum culpa. Consequatur fuga laudantium animi non. Fugit dolor eos vero temporibus fuga est aliquid.','2023-06-27 17:35:26','2023-06-27 17:35:26',NULL),(74,14,24,'Nostrum libero necessitatibus quis facilis. Et voluptas nihil placeat unde tempore dolores. Earum iure ea quia nulla voluptas. Dolorem voluptatum in qui est tempora vero doloribus.','2023-06-27 17:35:26','2023-06-27 17:35:26',NULL),(75,42,12,'At voluptatum neque autem mollitia facere facere sunt. Architecto et sit iure nisi esse quo molestias. Qui eos possimus rerum neque qui. Nihil molestiae magnam libero.','2023-06-27 17:35:26','2023-06-27 17:35:26',NULL),(76,29,32,'Tempora aut iusto est mollitia omnis officia. Molestiae ex est recusandae voluptatem nostrum. At et similique quod laudantium non beatae aut omnis.','2023-06-27 17:35:26','2023-06-27 17:35:26',NULL),(77,6,20,'Magni ut similique ullam. Fugiat sed numquam dolores beatae. Voluptas commodi nihil quis adipisci aspernatur.','2023-06-27 17:35:26','2023-06-27 17:35:26',NULL),(78,12,9,'Deserunt odio corrupti nihil quo qui aut nihil. Soluta aliquid rem aut voluptatem totam sed debitis. Id et et quidem harum temporibus.','2023-06-27 17:35:26','2023-06-27 17:35:26',NULL),(79,42,14,'Repellendus enim qui aut quibusdam provident. Voluptas veniam expedita impedit molestiae. Sit doloribus voluptates nesciunt velit quisquam.','2023-06-27 17:35:26','2023-06-27 17:35:26',NULL),(80,10,30,'Repellat molestiae minima fugit reprehenderit. Excepturi iusto sed sed rerum harum non. Sint fuga sed non ex.','2023-06-27 17:35:26','2023-06-27 17:35:26',NULL),(81,12,23,'Voluptatem culpa molestias id eligendi. Sint inventore est recusandae sint qui. Dolorem voluptas adipisci repellat et rerum eos consequatur.','2023-06-27 17:35:26','2023-06-27 17:35:26',NULL),(82,41,10,'Omnis numquam dolores dolore tempora. Ab quia provident ad odio praesentium ut fugit quo. Sapiente modi iure nihil est et eum. Error exercitationem non consequatur minus omnis.','2023-06-27 17:35:26','2023-06-27 17:35:26',NULL),(83,14,12,'Dignissimos et atque quam qui incidunt iure sed. Illo in dolore rem magni at. Impedit laudantium placeat incidunt in minima ad eum.','2023-06-27 17:35:26','2023-06-27 17:35:26',NULL),(84,27,46,'Vitae placeat occaecati deleniti eius esse. Omnis omnis nesciunt tempore beatae minus aut amet voluptate. Cupiditate velit vel et illum nesciunt expedita est. Doloremque animi qui quaerat dolor molestiae.','2023-06-27 17:35:26','2023-06-27 17:35:26',NULL),(85,11,34,'Dolores ut magni dicta est molestiae. Natus inventore rerum vero unde error quaerat ut.','2023-06-27 17:35:26','2023-06-27 17:35:26',NULL),(86,40,47,'Incidunt molestiae perferendis est et aut dicta quis. Et sapiente quis voluptates tempore pariatur. In eum facere voluptates.','2023-06-27 17:35:26','2023-06-27 17:35:26',NULL),(87,45,8,'Modi in nesciunt eveniet molestiae earum. Consequatur sunt consequatur molestiae. Voluptas deleniti qui ea. Est maxime quos cumque repudiandae et eligendi sint.','2023-06-27 17:35:26','2023-06-27 17:35:26',NULL),(88,29,41,'Nihil pariatur tempore vel assumenda et itaque voluptate eum. Inventore debitis sit maxime aut minima. Ut sed qui magni ipsum. Possimus ea omnis explicabo consequuntur dolor delectus porro et.','2023-06-27 17:35:26','2023-06-27 17:35:26',NULL),(89,6,33,'Omnis tempora voluptatem odio autem dolorum repellendus. Recusandae quos aspernatur non quaerat vel incidunt saepe tenetur. In ipsa molestiae reprehenderit consequuntur repudiandae repellat.','2023-06-27 17:35:26','2023-06-27 17:35:26',NULL),(90,33,14,'Qui accusantium asperiores dolor libero enim quisquam. Rerum neque laborum sequi quas consequuntur laboriosam inventore qui. Asperiores necessitatibus iusto iste ut est.','2023-06-27 17:35:26','2023-06-27 17:35:26',NULL),(91,19,26,'Voluptatem nam non et tempore reprehenderit. Commodi sapiente ratione qui et ullam rem. Ex quis voluptatem aspernatur numquam et et iste eveniet. Dolor rem voluptatem eaque nisi at tenetur ratione.','2023-06-27 17:35:26','2023-06-27 17:35:26',NULL),(92,6,9,'Ut qui aut temporibus commodi autem culpa qui qui. Voluptas voluptas eos aperiam consequatur sunt. Ab labore pariatur molestias sed velit sunt.','2023-06-27 17:35:26','2023-06-27 17:35:26',NULL),(93,24,24,'Sed repellendus consequatur eos. Saepe similique autem eius nam.','2023-06-27 17:35:26','2023-06-27 17:35:26',NULL),(94,15,38,'Nisi sit est hic quos. Enim maxime quam corrupti sequi eum quisquam. Repellat eum minima asperiores vel.','2023-06-27 17:35:26','2023-06-27 17:35:26',NULL),(95,31,21,'Rem minima magnam qui voluptatibus officiis blanditiis ea. Cum pariatur sed nam quam. Consectetur tempore nobis doloremque recusandae et.','2023-06-27 17:35:26','2023-06-27 17:35:26',NULL),(96,12,5,'Enim amet sunt voluptas odit in vitae possimus. Accusantium molestiae velit odio. Reiciendis vel consectetur illum amet consequuntur culpa. Rerum aut in aliquam quia at est nihil. Corporis voluptate occaecati expedita vitae.','2023-06-27 17:35:26','2023-06-27 17:35:26',NULL),(97,24,27,'Occaecati dolorem nemo numquam animi. Qui at saepe doloremque. Sint voluptatem sed dolores fugit quaerat expedita. Voluptatem consectetur consequatur quo est aliquam facilis quo non.','2023-06-27 17:35:26','2023-06-27 17:35:26',NULL),(98,49,47,'Ea molestiae unde voluptas eaque sit nobis nihil. Suscipit sit ut qui pariatur. Ipsam earum sed sit eaque aut. Dolor sint quas neque vel.','2023-06-27 17:35:26','2023-06-27 17:35:26',NULL),(99,50,32,'Porro quo qui dolore aperiam quaerat hic. Ut quod reiciendis a est excepturi autem voluptas nobis. Dolor corporis sed quis sequi et. Nulla cum dolor voluptatem eveniet.','2023-06-27 17:35:26','2023-06-27 17:35:26',NULL),(100,24,23,'Dicta exercitationem odio quasi architecto. Ea pariatur voluptates est. Possimus at placeat quidem nemo. Ullam porro earum voluptatem distinctio dolor minima dolor.','2023-06-27 17:35:26','2023-06-27 17:35:26',NULL);
/*!40000 ALTER TABLE `clientes_enderecos` ENABLE KEYS */;
UNLOCK TABLES;

--
-- Table structure for table `enderecos`
--

DROP TABLE IF EXISTS `enderecos`;
/*!40101 SET @saved_cs_client     = @@character_set_client */;
/*!50503 SET character_set_client = utf8mb4 */;
CREATE TABLE `enderecos` (
  `id_endereco` int(10) unsigned NOT NULL AUTO_INCREMENT,
  `endereco` varchar(191) COLLATE utf8mb4_unicode_ci NOT NULL,
  `numero` varchar(191) COLLATE utf8mb4_unicode_ci DEFAULT NULL,
  `complemento` varchar(191) COLLATE utf8mb4_unicode_ci DEFAULT NULL,
  `bairro` varchar(191) COLLATE utf8mb4_unicode_ci DEFAULT NULL,
  `cidade` varchar(191) COLLATE utf8mb4_unicode_ci DEFAULT NULL,
  `uf` varchar(2) COLLATE utf8mb4_unicode_ci DEFAULT NULL,
  `cep` varchar(45) COLLATE utf8mb4_unicode_ci DEFAULT NULL,
  `observacoes` text COLLATE utf8mb4_unicode_ci,
  `created_at` timestamp NULL DEFAULT NULL,
  `updated_at` timestamp NULL DEFAULT NULL,
  `deleted_at` timestamp NULL DEFAULT NULL,
  PRIMARY KEY (`id_endereco`)
) ENGINE=MyISAM AUTO_INCREMENT=101 DEFAULT CHARSET=utf8mb4 COLLATE=utf8mb4_unicode_ci;
/*!40101 SET character_set_client = @saved_cs_client */;

--
-- Dumping data for table `enderecos`
--

LOCK TABLES `enderecos` WRITE;
/*!40000 ALTER TABLE `enderecos` DISABLE KEYS */;
INSERT INTO `enderecos` VALUES (1,'69791-110, Travessa Santana, 5228\nMaiara do Leste - PR','722','a',NULL,NULL,NULL,NULL,NULL,'2023-06-27 17:34:57','2023-06-27 17:34:57',NULL),(2,'53531-632, R. Milena Amaral, 6\nFerraz do Sul - CE','790','l',NULL,NULL,NULL,NULL,NULL,'2023-06-27 17:34:57','2023-06-27 17:34:57',NULL),(3,'32610-928, Avenida Deivid Vasques, 22274. Bloco A\nSanta Mauro do Sul - MA','143','i',NULL,NULL,NULL,NULL,NULL,'2023-06-27 17:34:57','2023-06-27 17:34:57',NULL),(4,'60417-200, Avenida Christian, 402\nSão Cristina - CE','901','x',NULL,NULL,NULL,NULL,NULL,'2023-06-27 17:34:57','2023-06-27 17:34:57',NULL),(5,'96720-489, Avenida Branco, 8. Bloco C\nSanches d\'Oeste - SC','535','b',NULL,NULL,NULL,NULL,NULL,'2023-06-27 17:34:57','2023-06-27 17:34:57',NULL),(6,'30022-326, Largo Mendonça, 4\nSoto do Norte - PI','413','c',NULL,NULL,NULL,NULL,NULL,'2023-06-27 17:34:57','2023-06-27 17:34:57',NULL),(7,'33110-675, R. Anderson Mendonça, 17697\nSão Madalena - PB','841','y',NULL,NULL,NULL,NULL,NULL,'2023-06-27 17:34:57','2023-06-27 17:34:57',NULL),(8,'52685-848, R. Sheila, 8. Apto 21\nFernanda do Sul - TO','606','i',NULL,NULL,NULL,NULL,NULL,'2023-06-27 17:34:57','2023-06-27 17:34:57',NULL),(9,'90865-198, Travessa Souza, 5. Bc. 5 Ap. 97\nEllen d\'Oeste - RO','118','m',NULL,NULL,NULL,NULL,NULL,'2023-06-27 17:34:57','2023-06-27 17:34:57',NULL),(10,'16102-949, Avenida Abreu, 6. Bc. 7 Ap. 50\nPorto Rayane - MG','359','u',NULL,NULL,NULL,NULL,NULL,'2023-06-27 17:34:57','2023-06-27 17:34:57',NULL),(11,'99634-072, Rua Lourenço, 760\nFlores do Sul - AC','498','t',NULL,NULL,NULL,NULL,NULL,'2023-06-27 17:34:57','2023-06-27 17:34:57',NULL),(12,'27015-720, Av. de Freitas, 27. Anexo\nSanta Andressa do Sul - SP','894','j',NULL,NULL,NULL,NULL,NULL,'2023-06-27 17:34:57','2023-06-27 17:34:57',NULL),(13,'53079-949, Travessa Yasmin, 32438. Bloco B\nSão Késia d\'Oeste - DF','828','q',NULL,NULL,NULL,NULL,NULL,'2023-06-27 17:34:57','2023-06-27 17:34:57',NULL),(14,'93141-506, Rua Cíntia Cordeiro, 12\nSão Tiago - RN','978','a',NULL,NULL,NULL,NULL,NULL,'2023-06-27 17:34:57','2023-06-27 17:34:57',NULL),(15,'63955-825, Largo Mendes, 40958\nPorto Sofia - PE','241','l',NULL,NULL,NULL,NULL,NULL,'2023-06-27 17:34:57','2023-06-27 17:34:57',NULL),(16,'73767-984, Travessa Flávia, 1986. Bc. 15 Ap. 71\nSão Sophia do Norte - PB','987','q',NULL,NULL,NULL,NULL,NULL,'2023-06-27 17:34:57','2023-06-27 17:34:57',NULL),(17,'83606-881, Travessa Padilha, 207\nVila Agatha do Sul - RO','264','f',NULL,NULL,NULL,NULL,NULL,'2023-06-27 17:34:57','2023-06-27 17:34:57',NULL),(18,'31750-788, Largo Faria, 5\nSanta Luciano d\'Oeste - BA','559','h',NULL,NULL,NULL,NULL,NULL,'2023-06-27 17:34:57','2023-06-27 17:34:57',NULL),(19,'27564-992, Travessa Isabella, 50866. 7º Andar\nSão Allan do Norte - AM','329','e',NULL,NULL,NULL,NULL,NULL,'2023-06-27 17:34:57','2023-06-27 17:34:57',NULL),(20,'54324-443, Rua Danielle Alves, 78\nFlor do Sul - RN','977','c',NULL,NULL,NULL,NULL,NULL,'2023-06-27 17:34:57','2023-06-27 17:34:57',NULL),(21,'08564-820, Avenida Mateus, 78. 0º Andar\nTatiana do Sul - AP','635','n',NULL,NULL,NULL,NULL,NULL,'2023-06-27 17:34:57','2023-06-27 17:34:57',NULL),(22,'13094-656, Avenida Andréa Prado, 93526. Apto 32\nAnita do Sul - SE','309','a',NULL,NULL,NULL,NULL,NULL,'2023-06-27 17:34:57','2023-06-27 17:34:57',NULL),(23,'73851-438, Travessa Théo das Dores, 4667. 73º Andar\nSão Rodrigo - BA','2','c',NULL,NULL,NULL,NULL,NULL,'2023-06-27 17:34:57','2023-06-27 17:34:57',NULL),(24,'11711-164, Largo Nayara Flores, 94\nLuciano d\'Oeste - RO','794','w',NULL,NULL,NULL,NULL,NULL,'2023-06-27 17:34:57','2023-06-27 17:34:57',NULL),(25,'61259-024, R. Júlio, 8. Bc. 67 Ap. 76\nSanta Marília - PE','40','b',NULL,NULL,NULL,NULL,NULL,'2023-06-27 17:34:57','2023-06-27 17:34:57',NULL),(26,'93806-608, Largo Ortiz, 355\nBarros do Sul - SP','559','a',NULL,NULL,NULL,NULL,NULL,'2023-06-27 17:34:57','2023-06-27 17:34:57',NULL),(27,'05738-415, Travessa Malu, 1289. Bc. 9 Ap. 63\nYuri do Norte - TO','33','v',NULL,NULL,NULL,NULL,NULL,'2023-06-27 17:34:57','2023-06-27 17:34:57',NULL),(28,'26361-658, Rua de Arruda, 99009\nSão Cristóvão d\'Oeste - MS','978','i',NULL,NULL,NULL,NULL,NULL,'2023-06-27 17:34:57','2023-06-27 17:34:57',NULL),(29,'49700-313, Av. Queirós, 5. Bloco C\nDaniela do Leste - AP','898','i',NULL,NULL,NULL,NULL,NULL,'2023-06-27 17:34:57','2023-06-27 17:34:57',NULL),(30,'68382-280, Av. Sanches, 8481\nUrias do Leste - AC','409','u',NULL,NULL,NULL,NULL,NULL,'2023-06-27 17:34:57','2023-06-27 17:34:57',NULL),(31,'87292-575, Travessa Luan, 2116\nSanta Helena do Sul - BA','603','b',NULL,NULL,NULL,NULL,NULL,'2023-06-27 17:34:57','2023-06-27 17:34:57',NULL),(32,'76021-750, Avenida Caldeira, 85. F\nPorto Allison do Sul - BA','242','a',NULL,NULL,NULL,NULL,NULL,'2023-06-27 17:34:57','2023-06-27 17:34:57',NULL),(33,'13475-505, Av. Salazar, 62750. Anexo\nLiz d\'Oeste - TO','467','o',NULL,NULL,NULL,NULL,NULL,'2023-06-27 17:34:57','2023-06-27 17:34:57',NULL),(34,'15572-480, R. Robson, 962. Bc. 4 Ap. 74\nSanta Márcia d\'Oeste - PA','371','o',NULL,NULL,NULL,NULL,NULL,'2023-06-27 17:34:57','2023-06-27 17:34:57',NULL),(35,'02079-120, R. Danielle, 2. Bc. 9 Ap. 99\nTainara d\'Oeste - CE','650','q',NULL,NULL,NULL,NULL,NULL,'2023-06-27 17:34:57','2023-06-27 17:34:57',NULL),(36,'24964-910, Travessa Adriel, 21613\nVila Daniela - MT','908','b',NULL,NULL,NULL,NULL,NULL,'2023-06-27 17:34:57','2023-06-27 17:34:57',NULL),(37,'21292-696, Largo Delatorre, 302. Apto 4\nPorto Patrícia do Norte - AL','477','g',NULL,NULL,NULL,NULL,NULL,'2023-06-27 17:34:57','2023-06-27 17:34:57',NULL),(38,'32696-830, Rua Bezerra, 2\nEspinoza do Sul - DF','861','h',NULL,NULL,NULL,NULL,NULL,'2023-06-27 17:34:57','2023-06-27 17:34:57',NULL),(39,'73167-962, Av. Cristiano, 6. 53º Andar\nPorto Ronaldo - GO','638','y',NULL,NULL,NULL,NULL,NULL,'2023-06-27 17:34:57','2023-06-27 17:34:57',NULL),(40,'50613-888, Rua Adriano, 2. Bc. 8 Ap. 66\nFidalgo do Leste - RS','901','f',NULL,NULL,NULL,NULL,NULL,'2023-06-27 17:34:57','2023-06-27 17:34:57',NULL),(41,'27454-445, Travessa Maiara Saito, 1. Fundos\nSão André - GO','173','k',NULL,NULL,NULL,NULL,NULL,'2023-06-27 17:34:57','2023-06-27 17:34:57',NULL),(42,'05904-002, R. Pâmela, 75809\nVila Adriele do Leste - PA','293','f',NULL,NULL,NULL,NULL,NULL,'2023-06-27 17:34:57','2023-06-27 17:34:57',NULL),(43,'56022-472, R. Maldonado, 634\nSanta Luis - AL','667','p',NULL,NULL,NULL,NULL,NULL,'2023-06-27 17:34:57','2023-06-27 17:34:57',NULL),(44,'55807-840, R. Stella Casanova, 9659. Apto 19\nPorto Edson do Norte - PI','799','w',NULL,NULL,NULL,NULL,NULL,'2023-06-27 17:34:57','2023-06-27 17:34:57',NULL),(45,'07230-053, Travessa Willian, 7964\nIasmin d\'Oeste - GO','758','h',NULL,NULL,NULL,NULL,NULL,'2023-06-27 17:34:57','2023-06-27 17:34:57',NULL),(46,'30204-049, Av. Valéria, 749\nMirela do Norte - CE','870','q',NULL,NULL,NULL,NULL,NULL,'2023-06-27 17:34:57','2023-06-27 17:34:57',NULL),(47,'50833-550, Largo Cordeiro, 3\nVila Jasmin do Norte - TO','928','h',NULL,NULL,NULL,NULL,NULL,'2023-06-27 17:34:57','2023-06-27 17:34:57',NULL),(48,'70939-121, R. de Oliveira, 80\nJerônimo d\'Oeste - ES','95','u',NULL,NULL,NULL,NULL,NULL,'2023-06-27 17:34:57','2023-06-27 17:34:57',NULL),(49,'46091-394, Rua Cauan, 80240. 844º Andar\nPorto Giovanna - BA','375','q',NULL,NULL,NULL,NULL,NULL,'2023-06-27 17:34:57','2023-06-27 17:34:57',NULL),(50,'10597-968, Av. Fabrício Caldeira, 33018\nSão Amanda do Norte - PR','820','c',NULL,NULL,NULL,NULL,NULL,'2023-06-27 17:34:57','2023-06-27 17:34:57',NULL),(51,'87576-578, Largo Paloma, 996. Bloco C\nMarin d\'Oeste - SC','880','v','et','Benício d\'Oeste','SP','358','Et sed molestiae incidunt et iste qui animi. Quia id temporibus et perspiciatis accusantium aspernatur. Maiores et non quaerat repellat magnam architecto sint ex.','2023-06-27 17:35:26','2023-06-27 17:35:26',NULL),(52,'88710-236, Rua Tâmara, 3911\nRivera do Sul - AP','875','x','occaecati','Fábio d\'Oeste','SP','992','Odit non in dolorum ut excepturi sint. Voluptatum nihil ad et ipsa. Consequatur est eos eum exercitationem deserunt excepturi. Temporibus ipsam veritatis ut distinctio.','2023-06-27 17:35:26','2023-06-27 17:35:26',NULL),(53,'37240-346, Travessa Sofia, 66874. Fundos\nGonçalves do Norte - AL','263','i','quia','Montenegro d\'Oeste','SP','599','Ut vitae sint doloribus voluptas. Officiis et omnis quia tempore autem. Atque quod optio rerum dolorem aut. Ut dolorem neque consequatur mollitia illo.','2023-06-27 17:35:26','2023-06-27 17:35:26',NULL),(54,'95944-562, R. Gabrielle Ferreira, 851. Fundos\nMoisés do Leste - PE','564','i','hic','São Erik do Leste','SP','461','Laborum itaque et non aspernatur. Quia dolorem excepturi ut aut dolorem. Officiis voluptas possimus illo quia corporis blanditiis earum.','2023-06-27 17:35:26','2023-06-27 17:35:26',NULL),(55,'42275-582, Rua Manoela, 876\nSão Maurício d\'Oeste - GO','16','m','aut','Vila Murilo','SP','738','Qui laborum velit quae voluptatum perferendis a qui. Ipsum fugit recusandae perferendis quibusdam aut voluptates mollitia odio.','2023-06-27 17:35:26','2023-06-27 17:35:26',NULL),(56,'25644-149, Avenida Galhardo, 56485\nEmanuelly d\'Oeste - RS','471','u','aperiam','Zamana do Norte','SP','122','Ad fugit ut dolor sed aut deserunt. Cumque modi qui in eveniet minus dolorem dolore. Autem deleniti deleniti iste aliquam autem reprehenderit sed. Enim blanditiis magnam natus in. Aut iste fugit qui molestiae sit.','2023-06-27 17:35:26','2023-06-27 17:35:26',NULL),(57,'58998-865, Largo André, 35167\nSanches do Leste - DF','190','m','et','São Valéria do Leste','SP','772','Laborum ut laboriosam inventore et doloremque quaerat nihil. Aperiam culpa et perspiciatis doloremque excepturi qui. Voluptatum et illum corrupti. Dolores voluptas quia iste.','2023-06-27 17:35:26','2023-06-27 17:35:26',NULL),(58,'62461-571, Avenida Gustavo Vieira, 83. Apto 789\nFonseca do Sul - SE','603','y','sit','Porto Luan do Norte','SP','249','Ullam consequuntur et cumque adipisci culpa officia porro. Cupiditate quas qui sit dolor ut voluptas ea. Culpa quis velit dolorum quia eos laboriosam. Qui id nam sint officia aspernatur.','2023-06-27 17:35:26','2023-06-27 17:35:26',NULL),(59,'78584-498, Rua Eloá, 90. Fundos\nPorto Edson d\'Oeste - RJ','462','p','eos','Vila Carol do Leste','SP','299','Saepe quo ea rerum consectetur. Mollitia suscipit est officia voluptatibus nostrum distinctio rerum ut. Alias dolore harum sequi aut recusandae sed est.','2023-06-27 17:35:26','2023-06-27 17:35:26',NULL),(60,'64449-030, Av. Ana, 640\nToledo do Norte - TO','789','r','vitae','São Ian','SP','296','Doloremque ut reiciendis fugit distinctio aperiam neque quod. Recusandae consequatur exercitationem fuga temporibus optio. Recusandae enim accusamus eos voluptas non.','2023-06-27 17:35:26','2023-06-27 17:35:26',NULL),(61,'67562-482, Rua Tatiana, 58\nBreno do Norte - GO','779','n','quod','Valdez do Leste','SP','346','Voluptatum qui vel dolorem vitae explicabo vitae ipsam. Commodi autem impedit voluptates libero laboriosam molestiae. Laborum maxime et atque maiores incidunt nisi ullam. Illo tempore dolores animi voluptas.','2023-06-27 17:35:26','2023-06-27 17:35:26',NULL),(62,'04260-488, Largo Camila Ferraz, 248\nEstela d\'Oeste - PR','679','k','quia','Porto Kevin do Norte','SP','342','Quidem voluptatem voluptate tempora. Enim id commodi cum nulla voluptatem porro in quasi. Porro alias eius sed magni nemo.','2023-06-27 17:35:26','2023-06-27 17:35:26',NULL),(63,'93290-672, Travessa Mateus Camacho, 31. Fundos\nVila Suellen - RJ','325','t','facilis','Queirós do Norte','SP','611','Ut commodi aliquam quia suscipit impedit. Reprehenderit ipsa sunt ducimus iusto. Et tempora cupiditate harum at et accusantium.','2023-06-27 17:35:26','2023-06-27 17:35:26',NULL),(64,'22313-213, R. Gilberto Gusmão, 78449. Bc. 1 Ap. 25\nKésia do Norte - RS','101','f','eius','Tatiana do Norte','SP','320','Eos iste libero omnis quae nam quos. Aut corporis natus in maiores omnis. Minima enim maiores ut quia. Laborum cum aspernatur nulla ut sit alias.','2023-06-27 17:35:26','2023-06-27 17:35:26',NULL),(65,'02833-672, Av. Cortês, 4465\nVila Wilson do Leste - MG','56','s','dolores','Raphael d\'Oeste','SP','746','Rerum et vel ea deserunt quos reiciendis. Sed debitis qui nisi quia et laboriosam. Maxime quo assumenda magnam iste dolorem facere.','2023-06-27 17:35:26','2023-06-27 17:35:26',NULL),(66,'60269-346, Av. Heloísa, 8\nJuliane do Sul - RS','51','v','dolores','de Freitas do Norte','SP','144','Quasi cupiditate et sunt voluptas eum facilis molestiae quisquam. Corrupti architecto ducimus fugit id nesciunt quibusdam deleniti. Aut cum suscipit est odio reprehenderit cumque. Aut natus aperiam labore debitis. Magni eius maxime necessitatibus totam.','2023-06-27 17:35:26','2023-06-27 17:35:26',NULL),(67,'79249-604, Avenida Gian, 6263. 376º Andar\nMárcia do Norte - MA','905','h','blanditiis','Carmona do Leste','SP','364','Nisi et asperiores quam id. Voluptates nostrum non ipsa voluptas. Assumenda neque assumenda ut unde velit. Commodi vel autem accusamus numquam quod.','2023-06-27 17:35:26','2023-06-27 17:35:26',NULL),(68,'12782-224, Travessa Andres Rezende, 63\nVila Elaine - AP','31','t','beatae','Porto Lucio do Leste','SP','990','Ea sit sit quae magnam. Optio sed possimus sunt cum ea aut fuga.','2023-06-27 17:35:26','2023-06-27 17:35:26',NULL),(69,'67760-031, Largo Ornela, 97. Bc. 5 Ap. 49\nVila Ruth - CE','866','u','officia','São Ícaro','SP','711','Minima rem soluta enim excepturi alias iusto ipsam. Consequatur et repellendus enim eum a. Fugiat distinctio nobis ut sapiente. Eaque ut et minima modi dolores sequi et maiores.','2023-06-27 17:35:26','2023-06-27 17:35:26',NULL),(70,'34420-556, Rua Théo Montenegro, 4915. Bloco B\nRoque do Sul - PI','314','j','minima','Carvalho d\'Oeste','SP','690','Explicabo placeat magni odit delectus ut. Molestias blanditiis ut suscipit cum. Sapiente sit doloribus aut totam iusto distinctio saepe. Distinctio enim excepturi dolores.','2023-06-27 17:35:26','2023-06-27 17:35:26',NULL),(71,'07608-396, Avenida Gabriel, 778\nVictor do Sul - MS','482','f','officia','Santa Andréa d\'Oeste','SP','608','Qui voluptatem molestiae fugit occaecati voluptatem ad quia. Natus aut vitae numquam corrupti alias sequi. Maiores sunt sequi facilis necessitatibus quo accusantium. Tempore ut ut voluptatibus dignissimos.','2023-06-27 17:35:26','2023-06-27 17:35:26',NULL),(72,'77813-994, Av. Marco da Rosa, 77\nPorto Isabel do Sul - TO','190','x','ipsum','Santa Lidiane','SP','336','Voluptatibus corrupti porro eveniet quidem voluptatem. Hic provident repudiandae sed quis possimus tenetur sint dolor. Consequatur corrupti minima aut impedit ipsa id doloribus fugiat. Veritatis est est architecto dolor neque itaque aut.','2023-06-27 17:35:26','2023-06-27 17:35:26',NULL),(73,'48759-565, R. Correia, 2. Apto 7\nThéo do Leste - AL','521','y','quo','Amaral do Leste','SP','81','Facilis odio quae sunt harum esse. Qui possimus numquam illo ab exercitationem similique minus. Qui laborum officia dolorum deserunt sed doloribus exercitationem. Sequi omnis natus consequatur dolor iusto sunt.','2023-06-27 17:35:26','2023-06-27 17:35:26',NULL),(74,'36291-575, R. Caldeira, 76477\nSanta Denis - RS','897','e','est','São Miranda','SP','601','Rerum distinctio quia blanditiis eius veniam. Facilis et quam tempora dolor distinctio omnis. Pariatur possimus et nam.','2023-06-27 17:35:26','2023-06-27 17:35:26',NULL),(75,'28231-241, Travessa Dominato, 1\nAnalu do Sul - SC','976','p','voluptas','Santa Luiza','SP','671','Nihil odit eos porro maxime ut ut. Voluptatum ratione corporis ullam sunt dolores quaerat. Impedit quia mollitia perferendis reprehenderit reprehenderit dolor nihil. Recusandae perferendis quia illo quia id.','2023-06-27 17:35:26','2023-06-27 17:35:26',NULL),(76,'47281-143, Travessa Gabi, 8\nGabriel do Norte - BA','455','j','voluptate','Benites do Norte','SP','190','Dolor saepe et odio deleniti sit deleniti voluptatem. Dolores vero non numquam cum consequatur non doloremque. Aut eum quaerat et itaque mollitia recusandae fugiat. Doloremque aut dignissimos laboriosam qui vel quis.','2023-06-27 17:35:26','2023-06-27 17:35:26',NULL),(77,'55708-317, Largo Chaves, 4\nMendes do Sul - AM','163','x','et','Vila Juliane','SP','888','Adipisci aspernatur quos cupiditate totam unde alias nam. At ut nisi rerum illo necessitatibus asperiores aperiam voluptas. Aut illo et blanditiis ipsa aliquid. Sed minima est explicabo quos suscipit esse quia.','2023-06-27 17:35:26','2023-06-27 17:35:26',NULL),(78,'85595-620, Travessa Joyce, 326\nVila Manuel - SC','889','l','sequi','Mateus do Norte','SP','930','Dolor est eius tempore ipsum quis distinctio blanditiis. Quia dolores sed rerum cum aliquam ut. Ut eum sunt vel atque est accusamus asperiores. Quos rerum quia eum molestiae.','2023-06-27 17:35:26','2023-06-27 17:35:26',NULL),(79,'47776-720, Travessa Madeira, 864\nSanta Elaine do Norte - PB','641','n','provident','Porto Moisés','SP','815','Ex voluptatem asperiores quisquam molestiae ducimus eveniet libero maiores. Quaerat amet asperiores voluptates qui dignissimos praesentium. Dolor est labore facere ullam eos doloremque illo voluptas. Quo maxime reprehenderit non quia quia consequatur.','2023-06-27 17:35:26','2023-06-27 17:35:26',NULL),(80,'70856-062, Largo Maicon, 7245\nPorto Ziraldo - SP','973','s','et','Elisa do Sul','SP','106','A sed quo itaque placeat voluptas molestias sint. Aliquam maiores fugiat rerum voluptates aut. Voluptatem perferendis dignissimos sint harum similique ab qui libero. Accusamus veniam voluptatem eaque aspernatur.','2023-06-27 17:35:26','2023-06-27 17:35:26',NULL),(81,'84465-902, Av. Rogério, 5709. Fundos\nJerônimo do Norte - RJ','733','v','nam','São Bella','SP','298','Aspernatur in quia sequi perferendis. Alias voluptas eos voluptatum et ab qui aut. In modi magnam esse cumque quo consequuntur. Minus numquam aspernatur earum et temporibus.','2023-06-27 17:35:26','2023-06-27 17:35:26',NULL),(82,'30629-073, R. Maitê, 8\nSão Adriana do Sul - MG','191','h','maxime','Galindo d\'Oeste','SP','606','Error eos quia est eveniet. Suscipit ut ipsum omnis qui qui occaecati cum.','2023-06-27 17:35:26','2023-06-27 17:35:26',NULL),(83,'63788-515, Avenida Kléber, 4874. 37º Andar\nCarvalho do Norte - MG','306','w','tenetur','Santa Hortência','SP','138','Tempora aliquam et dolorem sit ratione qui. Suscipit est dicta hic eveniet est aut rem.','2023-06-27 17:35:26','2023-06-27 17:35:26',NULL),(84,'84187-936, Travessa Flávio Sepúlveda, 71. 7º Andar\nPorto Isis do Sul - RO','345','y','nemo','Joaquim do Leste','SP','241','Eum exercitationem quidem aut voluptatem sapiente repudiandae. Autem quidem nemo vero quaerat id. Ut quod id magni officiis aut in voluptatem.','2023-06-27 17:35:26','2023-06-27 17:35:26',NULL),(85,'79498-608, Largo Bezerra, 2802\nSão Jácomo do Sul - TO','994','d','et','Montenegro d\'Oeste','SP','546','Aliquid explicabo saepe asperiores suscipit quis. Sed dolorem voluptas et molestiae quia. Libero in tempora commodi blanditiis debitis omnis harum. A voluptatem neque culpa cumque non.','2023-06-27 17:35:26','2023-06-27 17:35:26',NULL),(86,'78470-502, Largo Arthur Serra, 48194. 9º Andar\nPorto Elis do Leste - RO','943','v','dolor','Verdara do Norte','SP','957','Ut quisquam voluptas sit maiores aut ipsam. Libero saepe distinctio et ullam.','2023-06-27 17:35:26','2023-06-27 17:35:26',NULL),(87,'01090-422, Avenida Molina, 3\nTatiane do Sul - SP','322','p','dolorem','Júlia do Sul','SP','375','Aut minima amet nemo veritatis. Totam quas fugiat dolore aut. Dolore nemo rerum hic ipsam ad quaerat. Sunt quod explicabo dolorem suscipit alias amet ipsa.','2023-06-27 17:35:26','2023-06-27 17:35:26',NULL),(88,'68017-791, R. Ferreira, 61\nBenjamin do Leste - DF','438','b','voluptas','São Samanta','SP','943','Est eaque qui quia ipsa velit quis laboriosam assumenda. Fugit nisi labore dolor repudiandae qui consequatur pariatur. Magni officia beatae et itaque distinctio magnam pariatur. Voluptatem suscipit quasi minus qui soluta nisi.','2023-06-27 17:35:26','2023-06-27 17:35:26',NULL),(89,'14018-114, Avenida Paloma Chaves, 16744\nLara do Norte - RJ','141','b','labore','Fátima do Norte','SP','161','Officiis architecto natus ipsam vitae necessitatibus in facere. Dolorem qui sunt sed rerum consequatur. Totam qui aut saepe qui nihil incidunt optio.','2023-06-27 17:35:26','2023-06-27 17:35:26',NULL),(90,'94648-132, R. Ferraz, 123\nSanta Adriel - TO','798','u','non','Yuri do Norte','SP','717','Sit qui illum pariatur aliquam. Est minima dolor eaque est.','2023-06-27 17:35:26','2023-06-27 17:35:26',NULL),(91,'62201-386, Rua Ortega, 650. Apto 3\nArruda do Leste - AM','768','c','minus','Porto Santiago','SP','8','Consequatur enim sit ipsum sit deserunt. Neque rem veniam voluptates aliquid suscipit at. Fugiat facere qui doloribus numquam et expedita beatae itaque. Aut explicabo quas natus dolorum.','2023-06-27 17:35:26','2023-06-27 17:35:26',NULL),(92,'07866-970, Av. Júlio Marinho, 1. Bc. 9 Ap. 65\nSanta Juan do Sul - AL','488','t','aut','Porto Vitória do Leste','SP','657','Autem sunt est ipsum molestiae ab omnis asperiores. Fugit et optio recusandae magnam ratione. Quia et minus itaque eveniet voluptas sit dolore officiis.','2023-06-27 17:35:26','2023-06-27 17:35:26',NULL),(93,'07193-510, Largo Emanuelly Galvão, 5. 5º Andar\nVila Maurício - AM','391','i','aut','Porto Gabrielly','SP','398','Ut delectus sunt ad eum eos nam est quis. Sit quasi omnis debitis dolor animi deleniti quo explicabo.','2023-06-27 17:35:26','2023-06-27 17:35:26',NULL),(94,'08524-558, Largo Mayara Verdugo, 6569. Apto 7529\nPorto Isabelly do Sul - RN','417','d','beatae','Caroline do Sul','SP','250','Veritatis aperiam doloremque et quod excepturi quia. Eum et voluptate consequuntur qui. Similique nemo aut quae voluptas deserunt perferendis.','2023-06-27 17:35:26','2023-06-27 17:35:26',NULL),(95,'43404-074, Av. Cristian Branco, 6. F\nGael do Leste - AP','818','a','quas','Porto Igor d\'Oeste','SP','744','Enim eius perspiciatis alias ut. Amet rem nam a vel et ut culpa. Accusamus adipisci voluptatem mollitia autem eum animi officia. Totam sapiente debitis et veritatis illo porro perferendis.','2023-06-27 17:35:26','2023-06-27 17:35:26',NULL),(96,'80389-094, Av. Renato, 8. Bc. 1 Ap. 95\nSão Violeta - MA','21','g','consequatur','Santa Sandro do Leste','SP','569','Dolore modi et corrupti qui ut nobis voluptas culpa. Fugit quas eum in. Optio provident labore quia officia voluptas. Aut eaque sit at optio atque magnam.','2023-06-27 17:35:26','2023-06-27 17:35:26',NULL),(97,'15029-179, Rua Mila Godói, 92\nSanta Fernando - AC','40','p','qui','Porto Antonella','SP','521','Harum explicabo explicabo quod occaecati ducimus. Commodi non esse omnis qui a. Impedit in tenetur itaque ad est. Quidem reiciendis ut quod voluptas et rem ut. Non dolores assumenda cumque inventore quia.','2023-06-27 17:35:26','2023-06-27 17:35:26',NULL),(98,'42586-118, Rua Robson Urias, 445. Bloco C\nD\'ávila do Leste - RO','611','b','qui','Jonas do Sul','SP','437','Voluptatem id ratione velit. Deleniti nam sit enim consectetur. Laboriosam iste maxime dicta et et quam. Ratione commodi amet sapiente voluptatem eaque.','2023-06-27 17:35:26','2023-06-27 17:35:26',NULL),(99,'78500-934, Travessa Faro, 72\nVila Alonso - AC','797','k','eaque','de Aguiar do Norte','SP','406','Laudantium non et aliquam fugit error et. Voluptas illum ratione aperiam omnis. Et aut sit debitis et.','2023-06-27 17:35:26','2023-06-27 17:35:26',NULL),(100,'93683-657, Travessa Leo, 5342. 94º Andar\nBranco do Sul - AL','917','n','dolores','São Katherine','SP','6','Quia omnis soluta sapiente aut quo voluptas. Minus nam cumque voluptas expedita quaerat rerum. Sit quasi mollitia qui fugiat. Omnis repellendus dignissimos odio quam dolorum non ut.','2023-06-27 17:35:26','2023-06-27 17:35:26',NULL);
/*!40000 ALTER TABLE `enderecos` ENABLE KEYS */;
UNLOCK TABLES;

--
-- Table structure for table `failed_jobs`
--

DROP TABLE IF EXISTS `failed_jobs`;
/*!40101 SET @saved_cs_client     = @@character_set_client */;
/*!50503 SET character_set_client = utf8mb4 */;
CREATE TABLE `failed_jobs` (
  `id` bigint(20) unsigned NOT NULL AUTO_INCREMENT,
  `uuid` varchar(191) COLLATE utf8mb4_unicode_ci NOT NULL,
  `connection` text COLLATE utf8mb4_unicode_ci NOT NULL,
  `queue` text COLLATE utf8mb4_unicode_ci NOT NULL,
  `payload` longtext COLLATE utf8mb4_unicode_ci NOT NULL,
  `exception` longtext COLLATE utf8mb4_unicode_ci NOT NULL,
  `failed_at` timestamp NOT NULL DEFAULT CURRENT_TIMESTAMP,
  PRIMARY KEY (`id`),
  UNIQUE KEY `failed_jobs_uuid_unique` (`uuid`)
) ENGINE=MyISAM DEFAULT CHARSET=utf8mb4 COLLATE=utf8mb4_unicode_ci;
/*!40101 SET character_set_client = @saved_cs_client */;

--
-- Dumping data for table `failed_jobs`
--

LOCK TABLES `failed_jobs` WRITE;
/*!40000 ALTER TABLE `failed_jobs` DISABLE KEYS */;
/*!40000 ALTER TABLE `failed_jobs` ENABLE KEYS */;
UNLOCK TABLES;

--
-- Table structure for table `migrations`
--

DROP TABLE IF EXISTS `migrations`;
/*!40101 SET @saved_cs_client     = @@character_set_client */;
/*!50503 SET character_set_client = utf8mb4 */;
CREATE TABLE `migrations` (
  `id` int(10) unsigned NOT NULL AUTO_INCREMENT,
  `migration` varchar(191) COLLATE utf8mb4_unicode_ci NOT NULL,
  `batch` int(11) NOT NULL,
  PRIMARY KEY (`id`)
) ENGINE=MyISAM AUTO_INCREMENT=22 DEFAULT CHARSET=utf8mb4 COLLATE=utf8mb4_unicode_ci;
/*!40101 SET character_set_client = @saved_cs_client */;

--
-- Dumping data for table `migrations`
--

LOCK TABLES `migrations` WRITE;
/*!40000 ALTER TABLE `migrations` DISABLE KEYS */;
INSERT INTO `migrations` VALUES (5,'2014_10_12_000000_create_users_table',1),(6,'2014_10_12_100000_create_password_reset_tokens_table',1),(7,'2019_08_19_000000_create_failed_jobs_table',1),(8,'2019_12_14_000001_create_personal_access_tokens_table',1),(9,'2023_06_15_165531_create_cargos_table',2),(10,'2023_06_20_140738_create_tipo_pedidos_table',3),(11,'2023_06_20_144908_create_tipo_pagamentos_table',4),(12,'2023_06_20_145404_create_statuses_table',4),(13,'2023_06_20_153541_create_tipo_produtos_table',4),(14,'2023_06_20_153829_create_tamanhos_table',4),(15,'2023_06_20_155039_create_produtos_table',5),(16,'2023_06_22_140222_create_produto_tamanhos_table',6),(17,'2023_06_22_142735_create_clientes_table',6),(18,'2023_06_22_144702_create_enderecos_table',6),(19,'2023_06_22_153836_create_cliente_enderecos_table',6),(20,'2023_06_22_162044_create_pedidos_table',6),(21,'2023_06_22_165522_create_pedido_produtos_table',6);
/*!40000 ALTER TABLE `migrations` ENABLE KEYS */;
UNLOCK TABLES;

--
-- Table structure for table `password_reset_tokens`
--

DROP TABLE IF EXISTS `password_reset_tokens`;
/*!40101 SET @saved_cs_client     = @@character_set_client */;
/*!50503 SET character_set_client = utf8mb4 */;
CREATE TABLE `password_reset_tokens` (
  `email` varchar(191) COLLATE utf8mb4_unicode_ci NOT NULL,
  `token` varchar(191) COLLATE utf8mb4_unicode_ci NOT NULL,
  `created_at` timestamp NULL DEFAULT NULL,
  PRIMARY KEY (`email`)
) ENGINE=MyISAM DEFAULT CHARSET=utf8mb4 COLLATE=utf8mb4_unicode_ci;
/*!40101 SET character_set_client = @saved_cs_client */;

--
-- Dumping data for table `password_reset_tokens`
--

LOCK TABLES `password_reset_tokens` WRITE;
/*!40000 ALTER TABLE `password_reset_tokens` DISABLE KEYS */;
/*!40000 ALTER TABLE `password_reset_tokens` ENABLE KEYS */;
UNLOCK TABLES;

--
-- Table structure for table `pedidos`
--

DROP TABLE IF EXISTS `pedidos`;
/*!40101 SET @saved_cs_client     = @@character_set_client */;
/*!50503 SET character_set_client = utf8mb4 */;
CREATE TABLE `pedidos` (
  `id_pedido` int(10) unsigned NOT NULL AUTO_INCREMENT,
  `id_tipo_pedido` int(11) NOT NULL,
  `id_user` bigint(20) NOT NULL,
  `id_cliente` int(11) NOT NULL,
  `id_cliente_endereco` int(11) NOT NULL,
  `id_status` int(11) NOT NULL,
  `id_tipo_pagamento` int(11) NOT NULL,
  `total` decimal(10,2) DEFAULT '0.00',
  `observacoes` text COLLATE utf8mb4_unicode_ci,
  `created_at` timestamp NULL DEFAULT NULL,
  `updated_at` timestamp NULL DEFAULT NULL,
  `deleted_at` timestamp NULL DEFAULT NULL,
  PRIMARY KEY (`id_pedido`)
) ENGINE=MyISAM AUTO_INCREMENT=101 DEFAULT CHARSET=utf8mb4 COLLATE=utf8mb4_unicode_ci;
/*!40101 SET character_set_client = @saved_cs_client */;

--
-- Dumping data for table `pedidos`
--

LOCK TABLES `pedidos` WRITE;
/*!40000 ALTER TABLE `pedidos` DISABLE KEYS */;
INSERT INTO `pedidos` VALUES (1,1,5,47,33,1,1,3864.00,'Sapiente dignissimos delectus architecto error quae optio. Incidunt aut repellat aut ut tempore vel. Quos nihil sit qui officia non et quia aut.','2023-06-27 17:34:57','2023-06-27 17:34:57',NULL),(2,1,4,33,41,1,1,1425.00,'Placeat pariatur explicabo porro quia et. Consequatur rem voluptas debitis aut nostrum consequatur. Occaecati est iure esse dicta.','2023-06-27 17:34:57','2023-06-27 17:34:57',NULL),(3,1,4,16,43,1,1,2707.00,'Fugit doloremque suscipit cupiditate assumenda. Et quia voluptatem rem consequatur. Reprehenderit nulla aut ratione minima aperiam. Sunt laboriosam ut reprehenderit.','2023-06-27 17:34:57','2023-06-27 17:34:57',NULL),(4,1,8,44,14,1,1,1975.00,'Placeat et vero distinctio earum et facere. Et perferendis aut enim et debitis fugiat. Quam consequatur ipsam quisquam ullam. Molestiae ea officiis fugit ex delectus.','2023-06-27 17:34:57','2023-06-27 17:34:57',NULL),(5,1,1,24,15,1,1,3973.00,'Maxime dolorem aut optio et reprehenderit. Vero facilis molestiae provident ut.','2023-06-27 17:34:57','2023-06-27 17:34:57',NULL),(6,1,2,4,45,1,1,958.00,'Quae repudiandae consectetur iusto ut omnis harum. Aut sint ut corporis quas sapiente molestias quia aspernatur.','2023-06-27 17:34:57','2023-06-27 17:34:57',NULL),(7,1,2,31,39,1,1,762.00,'Dignissimos porro corporis quas consequatur. Culpa repellendus blanditiis velit provident. Illo sunt cupiditate laborum est et quo qui. Voluptatibus consequatur et est exercitationem est architecto explicabo.','2023-06-27 17:34:57','2023-06-27 17:34:57',NULL),(8,1,4,6,23,1,1,2632.00,'Quasi reprehenderit consequatur et. Est est minus corrupti explicabo doloribus corrupti mollitia. Error harum aut eius pariatur. Sit sapiente blanditiis harum aliquam magnam. Tempore consequuntur consequatur impedit vero.','2023-06-27 17:34:57','2023-06-27 17:34:57',NULL),(9,1,6,32,46,1,1,3610.00,'Tempore esse magni et error sit adipisci ad et. Odit magni autem ea sed. Occaecati qui ut animi quia id dicta. Molestias dolor deserunt illum laborum commodi temporibus velit est.','2023-06-27 17:34:57','2023-06-27 17:34:57',NULL),(10,1,5,47,45,1,1,2802.00,'Eius ipsam modi et ullam consequuntur. Dolorem non natus ducimus voluptatem consequatur dolores. Quidem minima dolorem ut.','2023-06-27 17:34:57','2023-06-27 17:34:57',NULL),(11,1,5,42,4,1,1,1087.00,'Assumenda porro ea enim. Nulla ad et maiores autem. Vel non illo magni quisquam iusto voluptatem eaque. Voluptatum dolor accusamus nostrum praesentium accusamus officia.','2023-06-27 17:34:57','2023-06-27 17:34:57',NULL),(12,1,3,14,8,1,1,3253.00,'Et perferendis et voluptatum ut vero sint laboriosam. In veritatis voluptatem voluptatum dolores quo quasi accusamus. Ea et sit quia atque. Accusantium velit aut quibusdam non.','2023-06-27 17:34:57','2023-06-27 17:34:57',NULL),(13,1,2,47,35,1,1,3084.00,'Et sed id amet perferendis sit fuga tempora. Autem tempora tempore excepturi error vel. Odit eligendi nobis est quia facere. Perspiciatis qui temporibus placeat molestiae fugit aut.','2023-06-27 17:34:57','2023-06-27 17:34:57',NULL),(14,1,8,8,21,1,1,1150.00,'Ratione voluptatibus numquam magnam iure ex et. Asperiores repellat facilis eaque soluta distinctio praesentium. Dolorum nulla accusantium et et quia quia. Qui cupiditate voluptates nostrum velit id mollitia dolorem.','2023-06-27 17:34:57','2023-06-27 17:34:57',NULL),(15,1,5,20,8,1,1,1806.00,'Hic est voluptates vel. Dolorem quis porro enim ea recusandae dignissimos dolorem sapiente. Autem accusantium explicabo enim repellat doloremque officia. Quia ducimus iste quas ex dolor consequuntur est.','2023-06-27 17:34:57','2023-06-27 17:34:57',NULL),(16,1,8,44,11,1,1,975.00,'Distinctio earum iste vero tempora. Qui ipsam ut perferendis dignissimos necessitatibus quis sit optio. Sit eum fugit dicta consequatur omnis neque fuga.','2023-06-27 17:34:57','2023-06-27 17:34:57',NULL),(17,1,6,27,15,1,1,3907.00,'Enim suscipit fugiat eveniet nesciunt quibusdam nihil iste iste. Quis sed et minima omnis velit quos et voluptatem. Ab accusamus natus culpa aliquam dolorem rerum. Officiis tenetur in cupiditate optio incidunt dolore.','2023-06-27 17:34:57','2023-06-27 17:34:57',NULL),(18,1,1,43,27,1,1,2834.00,'Eligendi sunt ratione voluptas ratione molestiae. Ipsum sed harum aut et incidunt. Maxime accusantium recusandae porro hic et qui et. Maxime in odit eum cum id dolorem.','2023-06-27 17:34:57','2023-06-27 17:34:57',NULL),(19,1,8,28,31,1,1,2131.00,'Ullam commodi maiores eius molestiae voluptatibus eius eos. Laudantium omnis cum reiciendis voluptatem est porro. Voluptas repudiandae inventore illum iure voluptas ullam. Eaque qui aut atque cumque dolore dolorem.','2023-06-27 17:34:57','2023-06-27 17:34:57',NULL),(20,1,9,22,34,1,1,2269.00,'Ut et enim dolores excepturi ea architecto iusto. Est ex quasi vitae nesciunt beatae quia ratione. Dolorem quaerat accusantium iure eligendi porro consequuntur totam.','2023-06-27 17:34:57','2023-06-27 17:34:57',NULL),(21,1,6,33,38,1,1,1204.00,'Voluptatum nostrum voluptas voluptate nulla eius unde ut. Quia sed optio reiciendis id magni iure. Laudantium et consequatur laborum numquam. Ipsam ex libero repudiandae error est at ut doloremque.','2023-06-27 17:34:57','2023-06-27 17:34:57',NULL),(22,1,10,25,1,1,1,1135.00,'Repellat rem quisquam rerum doloremque soluta repudiandae recusandae. Temporibus sed rem culpa quaerat. Id quo perspiciatis inventore amet et. Ex veniam incidunt odio dolor omnis assumenda error.','2023-06-27 17:34:57','2023-06-27 17:34:57',NULL),(23,1,6,42,43,1,1,361.00,'Eius quaerat omnis consequatur tempora. Saepe veniam assumenda iure. In a odio explicabo commodi voluptatem nobis qui.','2023-06-27 17:34:57','2023-06-27 17:34:57',NULL),(24,1,4,23,25,1,1,3675.00,'Velit corporis praesentium molestiae modi id voluptatum quis numquam. Adipisci qui iste aut corporis. Similique sed quia quo. Suscipit harum in qui sunt velit sequi.','2023-06-27 17:34:57','2023-06-27 17:34:57',NULL),(25,1,6,7,30,1,1,1253.00,'Ut iusto ipsum rem hic. Dignissimos quis repellat maxime vero qui esse quisquam. Aut et quisquam delectus omnis quod magnam ut et.','2023-06-27 17:34:57','2023-06-27 17:34:57',NULL),(26,1,2,18,11,1,1,2114.00,'Enim iste reiciendis ipsum. Quos maiores eligendi et aut necessitatibus sunt atque.','2023-06-27 17:34:57','2023-06-27 17:34:57',NULL),(27,1,5,4,6,1,1,2565.00,'Magni debitis quos sit numquam est sint. Maxime nisi quia iusto tenetur. Aliquam amet dolorem et totam nesciunt beatae.','2023-06-27 17:34:57','2023-06-27 17:34:57',NULL),(28,1,9,34,27,1,1,2954.00,'Perspiciatis reiciendis fugit inventore. Necessitatibus provident ipsum cupiditate quos reiciendis modi earum saepe. Aspernatur saepe dolores vitae cupiditate. Excepturi iure aut architecto est. Et perspiciatis quasi nihil.','2023-06-27 17:34:57','2023-06-27 17:34:57',NULL),(29,1,6,25,38,1,1,1692.00,'Provident eum dolor dolores quo. Rerum aut harum nobis aliquid vitae est modi aliquam. Quae facilis delectus reiciendis rerum sint consequatur. Ut voluptas dolorum corrupti temporibus. At ipsa asperiores porro ut sequi neque ipsam.','2023-06-27 17:34:57','2023-06-27 17:34:57',NULL),(30,1,8,27,27,1,1,994.00,'Nesciunt ad quam ad laborum. Adipisci temporibus est culpa est ipsam. Quo perspiciatis nobis et corporis aut. Dolor incidunt inventore asperiores eaque dolores perferendis.','2023-06-27 17:34:57','2023-06-27 17:34:57',NULL),(31,1,6,50,39,1,1,2821.00,'Quisquam voluptas suscipit molestiae voluptatem. Et enim aut asperiores cum cum omnis molestiae aspernatur. Itaque sit eaque accusamus quaerat illo eum. Voluptatem dolorem illo iste repellendus et et.','2023-06-27 17:34:57','2023-06-27 17:34:57',NULL),(32,1,6,6,22,1,1,2093.00,'Repellat sint sed ipsam deserunt. Et corrupti aliquid dolor fugit quia.','2023-06-27 17:34:57','2023-06-27 17:34:57',NULL),(33,1,4,33,7,1,1,2770.00,'Sed omnis doloribus deserunt dolores dolor voluptate. Ea non necessitatibus consequuntur natus inventore. Quisquam totam nostrum et recusandae.','2023-06-27 17:34:57','2023-06-27 17:34:57',NULL),(34,1,6,42,11,1,1,2663.00,'Inventore earum delectus asperiores id. Tempora sed repudiandae est saepe ab non ut quisquam. Omnis quia laboriosam voluptatem aspernatur aut. Exercitationem voluptas doloribus voluptas provident est.','2023-06-27 17:34:57','2023-06-27 17:34:57',NULL),(35,1,9,31,32,1,1,874.00,'Ipsam officiis totam at nulla quos ipsam. Corrupti et expedita rerum necessitatibus repellat ratione. Quis reiciendis omnis labore dolorum.','2023-06-27 17:34:57','2023-06-27 17:34:57',NULL),(36,1,3,32,33,1,1,1405.00,'Dolore similique eligendi ut porro nam eos dolores. Occaecati quis quos eos eveniet reprehenderit nostrum eum. Sed itaque enim non enim nobis amet. Ex odit beatae consequatur laborum.','2023-06-27 17:34:57','2023-06-27 17:34:57',NULL),(37,1,6,12,42,1,1,918.00,'Tempore occaecati aut autem quod magnam distinctio delectus. Harum laborum dolorum ea eveniet. Deleniti et laboriosam saepe et. Aut consequatur saepe quibusdam eveniet quidem soluta. Qui consequatur officiis aperiam.','2023-06-27 17:34:57','2023-06-27 17:34:57',NULL),(38,1,3,14,24,1,1,3202.00,'In voluptate assumenda veritatis harum. Labore laborum inventore consectetur ut voluptatum ipsa. Dolores omnis delectus vel blanditiis ex veniam quibusdam. Laudantium est inventore iste minima. Vero nulla consequuntur omnis odit harum qui.','2023-06-27 17:34:57','2023-06-27 17:34:57',NULL),(39,1,8,40,3,1,1,3208.00,'Sint rem qui vitae facere modi minus. Accusantium aperiam perspiciatis sapiente in.','2023-06-27 17:34:57','2023-06-27 17:34:57',NULL),(40,1,10,39,42,1,1,1991.00,'Earum mollitia aut occaecati saepe eveniet iusto magni. Temporibus corporis recusandae recusandae atque pariatur consequatur quis. Officiis vero non deserunt iure nobis tempore. Facere consequatur sed dolores illum.','2023-06-27 17:34:57','2023-06-27 17:34:57',NULL),(41,1,5,19,2,1,1,2202.00,'Ratione ipsam et voluptatem ullam. Non ea voluptatem porro et repellendus consequatur. Iste optio tempora nostrum blanditiis.','2023-06-27 17:34:57','2023-06-27 17:34:57',NULL),(42,1,8,21,17,1,1,3882.00,'Sed nesciunt libero quos ut eveniet dolor. Reiciendis itaque ab itaque. Ad non asperiores et eligendi omnis.','2023-06-27 17:34:57','2023-06-27 17:34:57',NULL),(43,1,1,12,44,1,1,1741.00,'Ex quo dolorum facilis velit et optio. Necessitatibus laboriosam quis dolorem aspernatur ad in. Ut sint ipsam est.','2023-06-27 17:34:57','2023-06-27 17:34:57',NULL),(44,1,2,19,36,1,1,1.00,'Sapiente atque voluptatem asperiores temporibus quia necessitatibus eius. Adipisci eum consequatur expedita inventore. Quis nesciunt enim quos amet. Voluptatem dolor aliquid sunt et hic.','2023-06-27 17:34:57','2023-06-27 17:34:57',NULL),(45,1,8,30,2,1,1,2373.00,'Cumque quia ullam occaecati ad porro est quibusdam. Eligendi eos consequatur soluta dicta quasi maiores voluptatem ipsum. Natus ea culpa qui in. Dolorum tempora sed voluptas optio et saepe et facilis.','2023-06-27 17:34:57','2023-06-27 17:34:57',NULL),(46,1,5,32,4,1,1,1856.00,'Molestiae voluptatibus beatae id provident tempora officia. Molestiae ut corporis animi placeat. Voluptas veritatis et aut quasi optio fugit. Iste molestiae labore et est excepturi aut.','2023-06-27 17:34:57','2023-06-27 17:34:57',NULL),(47,1,6,17,42,1,1,1758.00,'Earum voluptatum impedit doloremque laborum alias consequuntur quia. Hic distinctio enim molestias consequuntur consequatur ab itaque officia. Voluptatibus sed facilis error qui reprehenderit reprehenderit animi totam. Quod modi et officia molestiae aut.','2023-06-27 17:34:57','2023-06-27 17:34:57',NULL),(48,1,4,11,2,1,1,286.00,'Qui velit nobis assumenda et aspernatur mollitia est. Eum quia quas optio officiis magnam amet iste. Sapiente quaerat doloribus aliquam dignissimos accusantium. Soluta explicabo in sunt iste rerum.','2023-06-27 17:34:57','2023-06-27 17:34:57',NULL),(49,1,2,49,20,1,1,1007.00,'Et et at at omnis. Voluptas ex in doloremque doloribus consequatur rem. Sunt illo voluptatum non est delectus libero quidem.','2023-06-27 17:34:57','2023-06-27 17:34:57',NULL),(50,1,1,37,23,1,1,3432.00,'Cupiditate officia tempore enim at nam nihil. Eaque natus officia autem et illo ipsa ea ab. Praesentium occaecati necessitatibus ipsa est.','2023-06-27 17:34:57','2023-06-27 17:34:57',NULL),(51,1,7,23,49,1,1,3008.00,'Ab perspiciatis omnis enim perspiciatis. In pariatur quia a molestiae laboriosam. Animi distinctio vitae est exercitationem adipisci ut saepe. Modi velit aspernatur similique eum ducimus.','2023-06-27 17:35:26','2023-06-27 17:35:26',NULL),(52,1,3,39,12,1,1,486.00,'Laborum ut a rerum. Laborum dolor voluptatem nam maxime aut ipsam quae nihil. Inventore nihil nihil occaecati est occaecati optio fuga. Impedit rem debitis magni eos qui et.','2023-06-27 17:35:26','2023-06-27 17:35:26',NULL),(53,1,1,36,46,1,1,933.00,'Quis vero est eos. Vero nisi velit quibusdam dicta a possimus eum et. Impedit suscipit enim veniam nobis quia omnis tempora est. Officia enim mollitia reprehenderit architecto.','2023-06-27 17:35:26','2023-06-27 17:35:26',NULL),(54,1,10,23,32,1,1,2625.00,'Voluptatem ratione sed enim laboriosam. Ipsam et totam magni consequatur molestiae quidem iure enim. Non aut veniam aut voluptatum fugit deleniti asperiores. Nihil quis itaque sit adipisci omnis.','2023-06-27 17:35:26','2023-06-27 17:35:26',NULL),(55,1,6,4,20,1,1,1993.00,'Maiores sint quos magni eos. Architecto aut quis laborum necessitatibus repellendus a. Et asperiores dolorem reiciendis maxime fuga. Quia et et voluptatem quis corporis voluptatibus culpa.','2023-06-27 17:35:26','2023-06-27 17:35:26',NULL),(56,1,2,34,42,1,1,1392.00,'Hic voluptatibus voluptates similique error temporibus quae. Aperiam esse non molestiae consequatur atque. Et est qui praesentium architecto at. Cum quasi ea ipsa architecto voluptates quis.','2023-06-27 17:35:26','2023-06-27 17:35:26',NULL),(57,1,4,41,18,1,1,3701.00,'Aperiam officiis earum rem in inventore dolores qui. Eos et quod natus. Est doloribus ut commodi.','2023-06-27 17:35:26','2023-06-27 17:35:26',NULL),(58,1,10,24,43,1,1,2403.00,'Unde beatae culpa earum quos ut veritatis et. Velit vero aut aut et temporibus. Sit laborum vero reiciendis sunt distinctio. Numquam fugiat laborum omnis omnis sed ab.','2023-06-27 17:35:26','2023-06-27 17:35:26',NULL),(59,1,1,24,9,1,1,3848.00,'Ea aut accusamus numquam voluptas accusamus. Eius odit quo sed voluptatem cumque. Fuga maxime sunt et non esse at. Ut recusandae aut necessitatibus.','2023-06-27 17:35:26','2023-06-27 17:35:26',NULL),(60,1,8,5,9,1,1,2185.00,'Tempore dolor cupiditate nostrum consequatur numquam non modi omnis. Sint magnam non sunt beatae molestiae. Sint temporibus harum quibusdam quam officiis soluta et. Ut sequi vitae itaque recusandae voluptas impedit. Vitae et error reiciendis voluptas.','2023-06-27 17:35:26','2023-06-27 17:35:26',NULL),(61,1,8,28,10,1,1,3895.00,'Alias sunt iste ipsa quo ab hic eligendi. Consequatur delectus cum repellendus. Et nihil ipsum libero occaecati aut voluptate. Cum quisquam aut eum impedit repudiandae vitae distinctio.','2023-06-27 17:35:26','2023-06-27 17:35:26',NULL),(62,1,2,31,25,1,1,3920.00,'Tempora consequatur voluptas pariatur enim. Vel facilis dolore laudantium quaerat. Qui hic magni eaque repellendus enim rerum. Numquam est qui esse ducimus veritatis.','2023-06-27 17:35:26','2023-06-27 17:35:26',NULL),(63,1,1,11,10,1,1,790.00,'Voluptatem sed alias quia ipsum delectus ut. Est ut dicta magni porro ea qui tenetur.','2023-06-27 17:35:26','2023-06-27 17:35:26',NULL),(64,1,8,15,18,1,1,2229.00,'Maiores amet autem incidunt doloribus totam id. Et libero ut minus natus. Laboriosam sit sint expedita hic.','2023-06-27 17:35:26','2023-06-27 17:35:26',NULL),(65,1,3,39,13,1,1,1632.00,'Reiciendis repudiandae quibusdam sit. Non dolor nisi id rem at est sint. Suscipit eligendi aut quod qui. Qui illo ut et sit.','2023-06-27 17:35:26','2023-06-27 17:35:26',NULL),(66,1,3,20,47,1,1,2466.00,'Doloribus occaecati amet dolore eius. Et nisi quis esse provident. Expedita ea quae excepturi ipsum autem unde. Soluta vero consequatur ipsam voluptates voluptatem.','2023-06-27 17:35:26','2023-06-27 17:35:26',NULL),(67,1,10,10,13,1,1,1656.00,'Magni et omnis illum qui eos quia ipsam. Cum expedita enim ea enim iusto consequuntur. Omnis est dignissimos iste dolor voluptate ut et. Quia officia voluptas sequi. Ab adipisci reprehenderit quod velit praesentium.','2023-06-27 17:35:26','2023-06-27 17:35:26',NULL),(68,1,5,7,2,1,1,3316.00,'Consequatur omnis enim tenetur natus. Maiores molestiae perspiciatis odio natus quo neque nihil animi. Sit autem reprehenderit dolorem quia provident. Cum commodi et consequatur enim libero.','2023-06-27 17:35:26','2023-06-27 17:35:26',NULL),(69,1,7,44,22,1,1,3888.00,'Quia sequi natus quo impedit est consequuntur. Qui fuga qui ex esse corrupti aut optio. Amet inventore facilis quod. Accusantium sed aut qui voluptatem.','2023-06-27 17:35:26','2023-06-27 17:35:26',NULL),(70,1,1,27,39,1,1,1772.00,'Dolor vero autem sunt vitae. Fugiat sed at amet sit. Repudiandae numquam consequatur consequatur consectetur voluptas non.','2023-06-27 17:35:26','2023-06-27 17:35:26',NULL),(71,1,4,44,27,1,1,1826.00,'Facere omnis occaecati eveniet nostrum. Non vel natus qui. Consequatur et animi omnis tempora maiores tempore. Sed incidunt alias et repudiandae temporibus ab autem.','2023-06-27 17:35:26','2023-06-27 17:35:26',NULL),(72,1,1,36,19,1,1,1341.00,'Excepturi ut hic culpa et. Alias dignissimos illum architecto rem repudiandae dolor. Perspiciatis est odio eum accusantium veritatis sit cum recusandae. Labore nostrum optio laborum atque. Eius tempore officia illo eum.','2023-06-27 17:35:26','2023-06-27 17:35:26',NULL),(73,1,10,36,4,1,1,2053.00,'Ut asperiores quasi inventore voluptatem id praesentium. Saepe voluptatem nostrum tenetur vel quis. Est quia sit voluptatem. Id inventore et labore optio adipisci.','2023-06-27 17:35:26','2023-06-27 17:35:26',NULL),(74,1,8,40,47,1,1,1410.00,'Fuga dicta aliquid nobis voluptas a impedit. Ex vel dolorem eligendi deleniti. Blanditiis enim voluptas nam reiciendis.','2023-06-27 17:35:26','2023-06-27 17:35:26',NULL),(75,1,1,42,33,1,1,779.00,'Aut eos et aut possimus. Voluptatem odit nulla possimus laudantium aut labore occaecati. Qui omnis dolorum et et. Quidem ut ipsum est et suscipit et.','2023-06-27 17:35:26','2023-06-27 17:35:26',NULL),(76,1,5,24,46,1,1,962.00,'Voluptatem dolore ut aliquid facere magni aut iusto. Non et qui mollitia magnam architecto et. Et error ullam corrupti mollitia.','2023-06-27 17:35:26','2023-06-27 17:35:26',NULL),(77,1,6,16,12,1,1,2054.00,'Et qui recusandae nisi vel reprehenderit. Veniam asperiores soluta nemo placeat. Non aspernatur aspernatur qui eum.','2023-06-27 17:35:26','2023-06-27 17:35:26',NULL),(78,1,8,40,21,1,1,1877.00,'Expedita deleniti quia ad neque quo porro est fugiat. Officiis labore dolores quo consequatur qui dolores. Cupiditate aliquam excepturi dolores. Sint earum tempore tempore.','2023-06-27 17:35:26','2023-06-27 17:35:26',NULL),(79,1,1,15,41,1,1,2831.00,'Quibusdam velit alias et aut repudiandae minus aut. Dolorum rerum in voluptates rerum dolorum. Quo quibusdam ipsam molestiae iure. Qui aut expedita non molestiae porro. Laboriosam ea sed perspiciatis voluptas laborum voluptas enim officia.','2023-06-27 17:35:26','2023-06-27 17:35:26',NULL),(80,1,2,29,18,1,1,2427.00,'Adipisci cum rem quas numquam quia. Eum numquam dolorum accusamus totam exercitationem velit veniam vel. Id sint officia ullam qui explicabo eos.','2023-06-27 17:35:26','2023-06-27 17:35:26',NULL),(81,1,1,5,4,1,1,1234.00,'Modi nobis accusantium explicabo nostrum provident doloribus minima. Accusamus quod velit est fuga sed. Ad minima dolores explicabo vel ea debitis asperiores sit.','2023-06-27 17:35:26','2023-06-27 17:35:26',NULL),(82,1,5,31,37,1,1,138.00,'Quisquam vitae sit omnis. Optio rerum rerum tempora modi cum. Illum autem quas qui reiciendis quaerat.','2023-06-27 17:35:26','2023-06-27 17:35:26',NULL),(83,1,6,18,30,1,1,1980.00,'Sapiente in consequatur qui. Velit dolorem sequi consequuntur corrupti autem non. Eum non veniam fugit et. Consequuntur saepe eum incidunt a laudantium doloribus.','2023-06-27 17:35:26','2023-06-27 17:35:26',NULL),(84,1,7,15,12,1,1,2017.00,'Est est sed qui. In ipsa nam fugiat.','2023-06-27 17:35:26','2023-06-27 17:35:26',NULL),(85,1,7,41,49,1,1,108.00,'Rerum itaque facilis expedita sunt. Laborum nihil laboriosam enim et repellendus excepturi unde.','2023-06-27 17:35:26','2023-06-27 17:35:26',NULL),(86,1,3,41,30,1,1,3190.00,'Ea quod consectetur maiores error iste porro quibusdam. Maxime accusamus vero itaque commodi non. Omnis quia explicabo fugiat debitis autem voluptatem non nihil.','2023-06-27 17:35:26','2023-06-27 17:35:26',NULL),(87,1,8,50,3,1,1,1121.00,'Et perferendis quae voluptatem qui id et. Quos et dolores molestias incidunt nam occaecati. Delectus nesciunt cum error dolorem eveniet tempora sit. Debitis rerum consectetur iusto provident occaecati id.','2023-06-27 17:35:26','2023-06-27 17:35:26',NULL),(88,1,4,33,21,1,1,24.00,'Voluptate quae corporis magni mollitia nemo quod minus. Dolorem est libero suscipit illum. Natus nostrum pariatur saepe cupiditate numquam autem quasi. Et eveniet recusandae ut et et hic.','2023-06-27 17:35:26','2023-06-27 17:35:26',NULL),(89,1,2,31,19,1,1,469.00,'Rem cumque repellendus eligendi aspernatur qui. Quisquam molestiae sit esse at veniam dolorum blanditiis at. Occaecati in iure qui maxime. Libero et aut numquam tempore.','2023-06-27 17:35:26','2023-06-27 17:35:26',NULL),(90,1,10,9,36,1,1,3770.00,'Quis aut aut beatae quia placeat. Reprehenderit animi aut temporibus labore consequuntur voluptatem reiciendis esse. Quia qui excepturi nostrum voluptatibus. Possimus est numquam veniam qui. Qui aut sed possimus laborum.','2023-06-27 17:35:26','2023-06-27 17:35:26',NULL),(91,1,1,36,4,1,1,3826.00,'Dolorum id quod consequuntur enim laudantium eos. Rem voluptatem qui molestiae veritatis cupiditate voluptatem quia. Illo aut veritatis dolores ut et aut aperiam sed.','2023-06-27 17:35:26','2023-06-27 17:35:26',NULL),(92,1,9,5,43,1,1,1687.00,'Impedit corporis rerum non labore et exercitationem impedit. Qui ea velit sunt iste omnis rem cum. Voluptates illum eum voluptatum et. Mollitia consequatur totam beatae officiis.','2023-06-27 17:35:26','2023-06-27 17:35:26',NULL),(93,1,7,7,37,1,1,2350.00,'Sed non quae quis quibusdam id. Sapiente fuga ut reiciendis. Iure aspernatur aut quis asperiores tempora et et.','2023-06-27 17:35:26','2023-06-27 17:35:26',NULL),(94,1,1,11,24,1,1,1873.00,'Repellendus est qui magnam ut sapiente. Ducimus dolor distinctio voluptatem neque alias non.','2023-06-27 17:35:26','2023-06-27 17:35:26',NULL),(95,1,7,33,34,1,1,3823.00,'Atque id expedita molestiae consectetur laudantium aut consequatur. Quisquam voluptatem et id voluptas dolor sapiente quia. Voluptatem ipsum ut odit dolore quam aliquid quia excepturi.','2023-06-27 17:35:26','2023-06-27 17:35:26',NULL),(96,1,5,8,29,1,1,3329.00,'Sed velit voluptatem magnam suscipit id eos reprehenderit similique. Rem aspernatur dolor aperiam et voluptate.','2023-06-27 17:35:26','2023-06-27 17:35:26',NULL),(97,1,10,41,29,1,1,1480.00,'Sed sunt rerum nulla doloremque perspiciatis. Eius nesciunt esse praesentium assumenda ut. Eaque unde qui placeat eum. Error fugiat suscipit soluta. Consequuntur officiis voluptas alias deleniti numquam suscipit.','2023-06-27 17:35:26','2023-06-27 17:35:26',NULL),(98,1,3,17,13,1,1,773.00,'Dolorem odio debitis ea praesentium. Enim aut dignissimos enim placeat qui. Non quo molestiae omnis voluptatem cupiditate aspernatur numquam. Quos minus libero hic quisquam et esse.','2023-06-27 17:35:26','2023-06-27 17:35:26',NULL),(99,1,8,50,41,1,1,2793.00,'Fugiat voluptatum placeat nobis. Et officia et modi reiciendis. Ab nihil aliquam quaerat qui deleniti. Maxime accusantium fugit dolorem ducimus quibusdam. Numquam odit sed error et dignissimos.','2023-06-27 17:35:26','2023-06-27 17:35:26',NULL),(100,1,7,7,11,1,1,1203.00,'Praesentium et explicabo nulla blanditiis voluptatem repudiandae ratione. Tenetur tempora ipsum atque at voluptatem autem est. Ratione ea laudantium natus ratione.','2023-06-27 17:35:26','2023-06-27 17:35:26',NULL);
/*!40000 ALTER TABLE `pedidos` ENABLE KEYS */;
UNLOCK TABLES;

--
-- Table structure for table `pedidos_produtos`
--

DROP TABLE IF EXISTS `pedidos_produtos`;
/*!40101 SET @saved_cs_client     = @@character_set_client */;
/*!50503 SET character_set_client = utf8mb4 */;
CREATE TABLE `pedidos_produtos` (
  `id_pedido_produto` int(10) unsigned NOT NULL AUTO_INCREMENT,
  `id_user` bigint(20) NOT NULL,
  `id_pedido` int(11) NOT NULL,
  `id_produto_tamanho` int(11) NOT NULL,
  `preco` decimal(10,2) DEFAULT NULL,
  `qtd` decimal(10,2) DEFAULT NULL,
  `subtotal` decimal(10,2) DEFAULT NULL,
  `observacoes` text COLLATE utf8mb4_unicode_ci,
  `created_at` timestamp NULL DEFAULT NULL,
  `updated_at` timestamp NULL DEFAULT NULL,
  `deleted_at` timestamp NULL DEFAULT NULL,
  PRIMARY KEY (`id_pedido_produto`)
) ENGINE=MyISAM AUTO_INCREMENT=101 DEFAULT CHARSET=utf8mb4 COLLATE=utf8mb4_unicode_ci;
/*!40101 SET character_set_client = @saved_cs_client */;

--
-- Dumping data for table `pedidos_produtos`
--

LOCK TABLES `pedidos_produtos` WRITE;
/*!40000 ALTER TABLE `pedidos_produtos` DISABLE KEYS */;
INSERT INTO `pedidos_produtos` VALUES (1,6,39,1,195.00,10.00,2691.00,'Ut eos ut soluta soluta dolore esse. Unde nostrum repellat ut placeat qui. Nihil natus sapiente voluptatibus.','2023-06-27 17:34:57','2023-06-27 17:34:57',NULL),(2,6,21,1,193.00,13.00,499.00,'Eos temporibus ratione reiciendis. Inventore voluptas ipsam et similique explicabo autem. Est hic perspiciatis eum impedit debitis vel nobis. Expedita voluptatibus qui sit dolor aliquid. Exercitationem deleniti quisquam dignissimos fuga sed pariatur.','2023-06-27 17:34:57','2023-06-27 17:34:57',NULL),(3,4,4,1,160.00,11.00,2318.00,'Error fuga et et beatae fuga error aut. Commodi rerum voluptas corrupti dignissimos expedita iste.','2023-06-27 17:34:57','2023-06-27 17:34:57',NULL),(4,9,1,1,53.00,11.00,1698.00,'Quisquam unde nihil cumque eius deserunt. Ipsam iure doloribus quos eligendi necessitatibus. Dolorum officiis voluptatum expedita repellat pariatur. Et et corporis et sint quae voluptatem dolore.','2023-06-27 17:34:57','2023-06-27 17:34:57',NULL),(5,2,22,1,50.00,13.00,1631.00,'Cupiditate natus eos cum voluptatem. Quas alias pariatur quae mollitia aliquam. Consectetur non asperiores quos voluptatem. Eius vel ab aut ut qui.','2023-06-27 17:34:57','2023-06-27 17:34:57',NULL),(6,6,49,1,61.00,10.00,2130.00,'Adipisci eos aut voluptate rem et provident sunt laudantium. Reprehenderit quis tempora cum sit ad ipsa dolorum. Cupiditate ex eos ipsa provident optio et. Est sint inventore ut ut doloribus omnis.','2023-06-27 17:34:57','2023-06-27 17:34:57',NULL),(7,10,7,1,127.00,13.00,2222.00,'Eligendi quaerat velit debitis ea eius quis. Ut rerum saepe ipsam dignissimos et. Vitae et tempore recusandae. Natus et quae enim facilis. Porro rem quis et cum explicabo in.','2023-06-27 17:34:57','2023-06-27 17:34:57',NULL),(8,2,10,1,128.00,10.00,368.00,'Enim quasi molestiae veniam doloribus officiis dolor consectetur. Aliquam ullam aut eaque est autem occaecati.','2023-06-27 17:34:57','2023-06-27 17:34:57',NULL),(9,9,28,1,54.00,1.00,908.00,'Harum odio eaque dolorem adipisci. Ipsa vero voluptates labore. Laboriosam rerum nulla consequatur id voluptas nam consequatur. Sed ipsum ducimus libero quo pariatur nostrum ratione autem.','2023-06-27 17:34:57','2023-06-27 17:34:57',NULL),(10,8,46,1,163.00,13.00,1558.00,'Dolorem ipsa natus consequatur fugiat nihil est numquam. Qui non et quibusdam eos quos autem eum. Et vel enim itaque aut blanditiis saepe sint.','2023-06-27 17:34:57','2023-06-27 17:34:57',NULL),(11,10,7,1,182.00,1.00,2679.00,'Amet sed esse assumenda alias dolores ea. Nihil aliquid at aliquid. Ea sit autem eos possimus et harum neque.','2023-06-27 17:34:57','2023-06-27 17:34:57',NULL),(12,8,16,1,116.00,9.00,2236.00,'Modi cumque et illum dolorem aliquid assumenda et. Repudiandae est error nostrum doloremque reiciendis voluptas. Et id aut qui sint. Facere quos illum necessitatibus natus in quis.','2023-06-27 17:34:57','2023-06-27 17:34:57',NULL),(13,2,40,1,126.00,1.00,687.00,'Aliquam placeat temporibus omnis. Enim qui corrupti amet omnis. Sint id aut provident iste unde voluptatem ex atque. Atque odit ut distinctio eligendi sunt et non.','2023-06-27 17:34:57','2023-06-27 17:34:57',NULL),(14,7,49,1,195.00,14.00,2358.00,'Placeat quo ut nemo omnis non. Voluptate qui suscipit perferendis quod cum odit. Sit nihil porro qui dolorem voluptatum.','2023-06-27 17:34:57','2023-06-27 17:34:57',NULL),(15,7,9,1,195.00,13.00,2013.00,'Aut magni cumque rerum velit ducimus minima. Sit ut aperiam animi dolorum. Rerum similique maxime qui molestias cumque sit rem.','2023-06-27 17:34:57','2023-06-27 17:34:57',NULL),(16,1,8,1,138.00,6.00,1312.00,'Sint qui amet quo aliquid ut corporis amet quis. Consectetur at consequatur beatae qui non eos explicabo.','2023-06-27 17:34:57','2023-06-27 17:34:57',NULL),(17,5,32,1,181.00,8.00,343.00,'Dolorum non earum qui. Aperiam hic qui ab. Explicabo necessitatibus dolore hic maxime sit autem ipsam excepturi. Dolor ut odit assumenda aut iusto.','2023-06-27 17:34:57','2023-06-27 17:34:57',NULL),(18,2,40,1,60.00,14.00,482.00,'Quae odio libero qui itaque dolorum officia aut dolorum. Beatae sit sed ab hic quidem dignissimos ut et.','2023-06-27 17:34:57','2023-06-27 17:34:57',NULL),(19,8,9,1,65.00,8.00,198.00,'Voluptatem illum porro atque voluptatum eius et quod. Qui quos est labore itaque aliquam eligendi debitis. Consectetur eum accusamus voluptates veritatis explicabo consectetur aut.','2023-06-27 17:34:57','2023-06-27 17:34:57',NULL),(20,6,20,1,93.00,14.00,835.00,'Non quia ratione vel voluptas. Voluptatem dolorem eius possimus dicta expedita. Qui iusto cupiditate est suscipit.','2023-06-27 17:34:57','2023-06-27 17:34:57',NULL),(21,1,5,1,171.00,15.00,2504.00,'Veritatis architecto ea officia. Laboriosam voluptatum eos qui amet quisquam. Magnam error cupiditate deleniti blanditiis sint voluptatem rerum. Dignissimos illo esse delectus quibusdam maxime est.','2023-06-27 17:34:57','2023-06-27 17:34:57',NULL),(22,9,11,1,101.00,9.00,538.00,'Quod non saepe cum quaerat modi. Et dolorum tempore eaque non numquam porro. Sed aliquam voluptas deleniti magnam. Aperiam excepturi totam quia aut.','2023-06-27 17:34:57','2023-06-27 17:34:57',NULL),(23,8,28,1,94.00,15.00,1344.00,'Illum incidunt est nisi sunt sed est consequuntur excepturi. Dolorum temporibus quam fugiat sunt itaque nostrum. Accusamus consequatur molestiae non dicta consequatur.','2023-06-27 17:34:57','2023-06-27 17:34:57',NULL),(24,5,5,1,156.00,5.00,163.00,'Qui vel similique aliquid sed natus enim. Reiciendis ipsum quos magnam optio praesentium. Velit nostrum ut blanditiis incidunt itaque quam modi.','2023-06-27 17:34:57','2023-06-27 17:34:57',NULL),(25,10,18,1,125.00,10.00,621.00,'Accusamus voluptas quia est. Sunt laborum animi saepe itaque iste quia. Et est quasi quod reiciendis vel quia.','2023-06-27 17:34:57','2023-06-27 17:34:57',NULL),(26,4,44,1,66.00,3.00,996.00,'Dolores ut minus sed voluptas error natus. Nostrum sit consequatur placeat velit labore. Minus a voluptates labore accusamus.','2023-06-27 17:34:57','2023-06-27 17:34:57',NULL),(27,2,15,1,125.00,10.00,642.00,'Explicabo quis exercitationem vero ab quas ut debitis. Quaerat natus aut sapiente itaque. At similique dolores adipisci quo repudiandae quia.','2023-06-27 17:34:57','2023-06-27 17:34:57',NULL),(28,6,37,1,93.00,14.00,1905.00,'Dolore quod necessitatibus iure nemo excepturi. Odio quod a ut vel.','2023-06-27 17:34:57','2023-06-27 17:34:57',NULL),(29,4,15,1,175.00,2.00,2304.00,'Aut occaecati voluptas perferendis laborum ut aut cumque consequatur. Eos temporibus consequatur fugiat eligendi exercitationem amet veniam est. Et qui ea vitae facilis temporibus. Reprehenderit facere illum neque. Tenetur autem possimus aut ducimus natus quod.','2023-06-27 17:34:57','2023-06-27 17:34:57',NULL),(30,2,40,1,185.00,14.00,780.00,'Placeat laudantium sint corrupti sit aliquam cum. Dignissimos quo consequatur in ipsa. Tenetur cupiditate autem aut corrupti molestiae.','2023-06-27 17:34:57','2023-06-27 17:34:57',NULL),(31,2,31,1,162.00,3.00,2068.00,'Veniam aut explicabo cupiditate nihil possimus ut earum qui. Error deleniti facilis natus. Molestiae nobis voluptas commodi. Omnis omnis aut sapiente et ea magnam.','2023-06-27 17:34:57','2023-06-27 17:34:57',NULL),(32,2,46,1,108.00,15.00,1991.00,'Similique consequuntur qui incidunt qui quo quia. Deserunt suscipit qui quis ut sed expedita. Enim aliquid numquam aut repudiandae mollitia.','2023-06-27 17:34:57','2023-06-27 17:34:57',NULL),(33,6,46,1,122.00,7.00,2501.00,'Vitae repellendus aut atque consequatur facere doloremque. Ratione culpa deserunt consequatur et enim. Ea maxime totam et ab. Accusamus quia qui dignissimos aspernatur nam.','2023-06-27 17:34:57','2023-06-27 17:34:57',NULL),(34,2,25,1,167.00,1.00,2797.00,'Molestiae impedit consequatur veritatis iure suscipit et. Fuga dolores inventore aut itaque et.','2023-06-27 17:34:57','2023-06-27 17:34:57',NULL),(35,7,20,1,54.00,6.00,942.00,'Quia ab quia non aliquam eaque eos iusto rerum. Ea autem reiciendis delectus aut quis. Quae tempore quo tenetur sit.','2023-06-27 17:34:57','2023-06-27 17:34:57',NULL),(36,1,8,1,149.00,3.00,1735.00,'Id dicta voluptate aliquam fugit sapiente rem aut velit. Laudantium et quis sed doloremque ad est. Corporis et consequatur voluptas. Dignissimos omnis pariatur est ipsum.','2023-06-27 17:34:57','2023-06-27 17:34:57',NULL),(37,8,41,1,79.00,11.00,2802.00,'Maiores quod porro amet eos. Aliquid quasi neque a odio est delectus. Ab explicabo dolor excepturi voluptates distinctio quas ut. Aliquam amet distinctio cupiditate voluptatem.','2023-06-27 17:34:57','2023-06-27 17:34:57',NULL),(38,3,4,1,61.00,13.00,2627.00,'Ex quam odit rem magni ipsam sed velit dolor. Culpa tempore a cumque accusamus natus. Vitae est qui deleniti. Qui sit dolorem dolorem est voluptatem doloremque ex nemo.','2023-06-27 17:34:57','2023-06-27 17:34:57',NULL),(39,4,10,1,165.00,7.00,210.00,'Ullam doloribus voluptatem vel optio eum veritatis. Omnis quae nam recusandae aspernatur. Harum velit neque provident repudiandae dolorum sed. Vero voluptas quaerat qui veniam in nemo.','2023-06-27 17:34:57','2023-06-27 17:34:57',NULL),(40,8,42,1,195.00,12.00,1094.00,'Eum aut quidem nulla dolorem sunt rerum facere. Non asperiores qui dolores dolore blanditiis et esse. Cumque enim nesciunt voluptatem quidem.','2023-06-27 17:34:57','2023-06-27 17:34:57',NULL),(41,10,48,1,192.00,14.00,93.00,'Nam facilis maiores fugit amet ipsa. Saepe nostrum maxime id quia eveniet quia magni. Ut dolor enim fugit illo. Rem voluptates provident esse quod officia natus impedit.','2023-06-27 17:34:57','2023-06-27 17:34:57',NULL),(42,5,43,1,148.00,5.00,1052.00,'Recusandae atque facere quae placeat. Maiores sequi est aliquam ratione rerum. Aliquid eum id nulla molestiae autem qui. Aperiam velit est inventore aperiam quasi commodi.','2023-06-27 17:34:57','2023-06-27 17:34:57',NULL),(43,4,50,1,107.00,5.00,1724.00,'Unde nesciunt quas veniam dolor deleniti qui. Dolor tenetur architecto et aliquid delectus. Tempora qui ducimus numquam reprehenderit quae voluptas ipsa impedit. Delectus rerum doloribus ipsum modi quisquam aut.','2023-06-27 17:34:57','2023-06-27 17:34:57',NULL),(44,6,39,1,88.00,9.00,1116.00,'Necessitatibus inventore debitis adipisci rerum numquam consequatur aut optio. Nam molestias est sint qui repellendus. Temporibus fugit velit reprehenderit voluptatum quam repellendus voluptatem doloribus. Ut sed aut assumenda blanditiis.','2023-06-27 17:34:57','2023-06-27 17:34:57',NULL),(45,4,36,1,107.00,9.00,1446.00,'Quia qui aut recusandae nihil vero inventore est quidem. Animi eveniet et ab dolores.','2023-06-27 17:34:57','2023-06-27 17:34:57',NULL),(46,3,46,1,83.00,14.00,209.00,'Quaerat ut omnis consequatur repudiandae quia dolores. Recusandae harum ut rerum quod. Voluptatum error dolores unde officia et. Molestias quos excepturi recusandae eligendi unde.','2023-06-27 17:34:57','2023-06-27 17:34:57',NULL),(47,6,18,1,170.00,14.00,1196.00,'Mollitia quod et quo et cupiditate quo. Laudantium eum est laudantium perspiciatis. Nobis maxime culpa omnis voluptates.','2023-06-27 17:34:57','2023-06-27 17:34:57',NULL),(48,1,29,1,195.00,14.00,2814.00,'Quo possimus qui sunt debitis. Illo et eum ex eveniet. Ipsum rerum eum dolor quisquam repellendus molestias excepturi.','2023-06-27 17:34:57','2023-06-27 17:34:57',NULL),(49,2,5,1,88.00,11.00,110.00,'Facilis praesentium atque autem officiis praesentium velit. Ab ea ea quidem placeat modi facilis molestiae tempore. Quidem natus aut ratione nam saepe ipsam.','2023-06-27 17:34:57','2023-06-27 17:34:57',NULL),(50,8,39,1,53.00,12.00,793.00,'Omnis veniam maxime vitae maxime accusamus neque veniam. Sit sed dolor beatae cumque at id atque. Numquam odit dolorem eaque eum totam. Magni aut dolor reiciendis sit ut explicabo.','2023-06-27 17:34:57','2023-06-27 17:34:57',NULL),(51,10,10,1,196.00,4.00,52.00,'Qui sed consequatur ut aliquam cumque consequatur voluptate. Et iure numquam molestias possimus. Omnis assumenda occaecati voluptatem et et similique nisi et. Velit tempore inventore et qui.','2023-06-27 17:35:26','2023-06-27 17:35:26',NULL),(52,2,25,1,170.00,11.00,1319.00,'Consequatur cum quo rerum cupiditate facilis perferendis id reprehenderit. Aliquam dolores sed officia hic dolore. Dolor quidem minus adipisci ullam qui sint in deleniti. Maiores temporibus impedit alias.','2023-06-27 17:35:26','2023-06-27 17:35:26',NULL),(53,7,26,1,72.00,14.00,2704.00,'Non architecto mollitia labore aut. Tempora dolore omnis tempore perferendis ut blanditiis.','2023-06-27 17:35:26','2023-06-27 17:35:26',NULL),(54,8,25,1,148.00,12.00,1133.00,'Velit error atque quo est. Aut voluptate id voluptas illo natus sit sequi. Eum occaecati dolores aut quae.','2023-06-27 17:35:26','2023-06-27 17:35:26',NULL),(55,2,17,1,67.00,9.00,2774.00,'Qui molestias beatae cum occaecati nemo. Vero eaque dicta nisi sequi fugit nemo.','2023-06-27 17:35:26','2023-06-27 17:35:26',NULL),(56,7,16,1,157.00,13.00,959.00,'Magni sed sunt sit unde autem. Nostrum aspernatur consequatur ipsa repudiandae qui voluptas tenetur. Corrupti et voluptatem expedita ea laborum eum vel.','2023-06-27 17:35:26','2023-06-27 17:35:26',NULL),(57,5,3,1,191.00,7.00,2272.00,'Repellendus quidem quos incidunt. Porro quia et ullam sit. Omnis nesciunt laborum minus.','2023-06-27 17:35:26','2023-06-27 17:35:26',NULL),(58,2,11,1,137.00,1.00,2358.00,'Consectetur in quia quibusdam et deserunt consectetur veniam. Id qui consequatur unde eveniet doloribus. Velit ut quia aut voluptates expedita dolor quae. Eius eligendi placeat aut error et incidunt mollitia.','2023-06-27 17:35:26','2023-06-27 17:35:26',NULL),(59,6,26,1,140.00,9.00,238.00,'Et quaerat nobis dolor corrupti aut blanditiis similique quod. Dolore pariatur sapiente non. Quod impedit inventore quia at qui. Quaerat sunt sed animi quidem et nesciunt rem facere.','2023-06-27 17:35:26','2023-06-27 17:35:26',NULL),(60,5,5,1,189.00,2.00,2255.00,'Sint voluptatem magni laboriosam vitae laboriosam. Molestiae nihil et aperiam qui. Aut architecto sequi autem in est ab. Laboriosam modi aliquam officiis sit expedita quisquam.','2023-06-27 17:35:26','2023-06-27 17:35:26',NULL),(61,2,36,1,97.00,5.00,130.00,'Nemo dolore enim ex. Et mollitia ipsa sed dignissimos nihil aut recusandae soluta. Exercitationem eos pariatur est perspiciatis labore voluptate.','2023-06-27 17:35:26','2023-06-27 17:35:26',NULL),(62,6,18,1,63.00,15.00,1962.00,'Fugit quaerat facere aperiam nostrum velit exercitationem provident odit. Dignissimos tempore odit atque et itaque voluptatum accusamus pariatur.','2023-06-27 17:35:26','2023-06-27 17:35:26',NULL),(63,5,23,1,140.00,10.00,631.00,'Aliquid esse fuga ex ipsam sed veritatis. Est eius quis ullam pariatur omnis quia sed. Aut amet officiis fugiat eius quia nisi quo.','2023-06-27 17:35:26','2023-06-27 17:35:26',NULL),(64,7,50,1,178.00,2.00,122.00,'Voluptatum dignissimos aut laudantium earum deleniti. Velit et blanditiis aut accusantium. Omnis sequi quisquam numquam quisquam esse perspiciatis. Vero ratione nesciunt excepturi voluptatem optio facere est.','2023-06-27 17:35:26','2023-06-27 17:35:26',NULL),(65,6,6,1,182.00,13.00,1675.00,'Libero eius earum qui commodi. Velit fugit aperiam ab voluptas reiciendis id. Odio eos earum repudiandae veniam et.','2023-06-27 17:35:26','2023-06-27 17:35:26',NULL),(66,5,40,1,154.00,3.00,634.00,'Ullam minima quia quis sit quae sed. Perferendis est est perspiciatis facilis omnis at. Eveniet laboriosam nihil hic. Voluptate a et maxime quos recusandae.','2023-06-27 17:35:26','2023-06-27 17:35:26',NULL),(67,8,25,1,103.00,10.00,367.00,'Aliquam qui inventore quibusdam ex. Et laborum eum iure sed ab neque et facilis. Eum omnis reprehenderit atque nobis deserunt et. Quisquam iusto pariatur est.','2023-06-27 17:35:26','2023-06-27 17:35:26',NULL),(68,6,43,1,83.00,6.00,2823.00,'Sed unde optio quas neque ullam. Aliquid perferendis sapiente blanditiis aut eos sunt ad. Voluptas quia esse aperiam dolor adipisci culpa nostrum. Quo sed culpa molestiae iste in sit at voluptatem.','2023-06-27 17:35:26','2023-06-27 17:35:26',NULL),(69,3,29,1,84.00,9.00,472.00,'Explicabo quo impedit voluptatem qui impedit sint quam. Debitis debitis perferendis dolores est ad et. Nesciunt odit dolore voluptates.','2023-06-27 17:35:26','2023-06-27 17:35:26',NULL),(70,4,9,1,173.00,6.00,761.00,'Qui voluptatibus deleniti est aut. Voluptatum enim autem sapiente qui. A officia ducimus eaque facere rerum id totam. Tempora rerum sed magni quia maiores ut est.','2023-06-27 17:35:26','2023-06-27 17:35:26',NULL),(71,8,4,1,125.00,11.00,389.00,'Consequatur voluptas tempore ipsa cumque suscipit vel. Atque non maiores corrupti voluptas repellat est. Quidem reiciendis deleniti rerum voluptas qui qui amet modi. Velit dolorem ut est quia optio.','2023-06-27 17:35:26','2023-06-27 17:35:26',NULL),(72,5,25,1,70.00,3.00,982.00,'Nam voluptas autem qui autem. Aliquam ut provident nihil incidunt ex omnis ipsa.','2023-06-27 17:35:26','2023-06-27 17:35:26',NULL),(73,9,29,1,125.00,3.00,2190.00,'Et in neque esse consequuntur illum quae excepturi. Magni et saepe quia esse harum. Expedita beatae atque et quis id voluptatem. Sit natus facere aspernatur.','2023-06-27 17:35:26','2023-06-27 17:35:26',NULL),(74,6,20,1,184.00,1.00,1007.00,'Ullam voluptatem deserunt quos natus quia eum eius. Modi qui beatae repellat et. Repellendus qui sit autem voluptatem. Consequuntur voluptate debitis qui consectetur nostrum et ut.','2023-06-27 17:35:26','2023-06-27 17:35:26',NULL),(75,6,8,1,182.00,2.00,600.00,'Animi reiciendis eligendi deserunt et reprehenderit voluptas aut. Molestiae unde accusantium dolores ut quis. Tempore quod quod vitae dolores occaecati. Nostrum omnis ad magni ea est ut sint.','2023-06-27 17:35:26','2023-06-27 17:35:26',NULL),(76,8,18,1,94.00,12.00,852.00,'Nobis tempora aliquid quia sequi. Iste magnam reprehenderit ea voluptas iure id. Maxime iure incidunt reprehenderit provident adipisci. Sunt eos ab ipsum aut id adipisci atque laudantium.','2023-06-27 17:35:26','2023-06-27 17:35:26',NULL),(77,1,31,1,117.00,2.00,893.00,'Qui labore et explicabo quis. Esse dolores illo deleniti et. Consequatur ipsa debitis id vero molestiae.','2023-06-27 17:35:26','2023-06-27 17:35:26',NULL),(78,9,44,1,194.00,12.00,2128.00,'Id reprehenderit consequatur esse et occaecati earum assumenda. Ab at illo vero corrupti dolorem tempore. Fugit dolore quia deleniti hic quisquam optio. Qui voluptate quae et quasi recusandae.','2023-06-27 17:35:26','2023-06-27 17:35:26',NULL),(79,1,34,1,58.00,4.00,1449.00,'Omnis quia labore sint pariatur et velit rerum. Asperiores non culpa nesciunt eum vel. Dolores voluptatibus sapiente dolor quis. Reiciendis enim corporis consequuntur veritatis.','2023-06-27 17:35:26','2023-06-27 17:35:26',NULL),(80,8,39,1,90.00,1.00,2949.00,'Sit repellendus totam quia soluta sit magni repudiandae. Voluptatem aut officia nobis vitae. Libero non dicta in quod. Ut voluptatem est inventore.','2023-06-27 17:35:26','2023-06-27 17:35:26',NULL),(81,10,12,1,122.00,8.00,1637.00,'Similique et sapiente consequuntur ex quia. Et totam fugiat quis explicabo.','2023-06-27 17:35:26','2023-06-27 17:35:26',NULL),(82,6,45,1,71.00,11.00,881.00,'Ducimus qui expedita sed et. Et doloremque dolor ex. Beatae aliquid aut veritatis enim praesentium est.','2023-06-27 17:35:26','2023-06-27 17:35:26',NULL),(83,1,32,1,124.00,3.00,606.00,'Est natus neque aut perspiciatis quidem optio recusandae alias. In ut praesentium aut fugit consequatur perspiciatis iusto. Est consequatur corporis similique sunt consequatur.','2023-06-27 17:35:26','2023-06-27 17:35:26',NULL),(84,9,11,1,157.00,7.00,2071.00,'Autem molestias cumque labore aut ea sunt fuga. Ut velit qui eum nemo cumque corrupti. Qui alias et non illum repudiandae et.','2023-06-27 17:35:26','2023-06-27 17:35:26',NULL),(85,9,25,1,52.00,6.00,1684.00,'Dicta magnam esse voluptatem quo repellendus nihil. Et fugiat dolor facere est sed distinctio. Provident recusandae debitis quidem alias quidem sit voluptate voluptatem.','2023-06-27 17:35:26','2023-06-27 17:35:26',NULL),(86,1,50,1,60.00,2.00,280.00,'Itaque aliquam sit est aut occaecati. Dicta occaecati qui recusandae ratione. Unde sit nisi ut.','2023-06-27 17:35:26','2023-06-27 17:35:26',NULL),(87,5,28,1,84.00,13.00,1699.00,'Id aut est dolorum id temporibus sed. Voluptas consequatur temporibus qui quidem aspernatur aut animi. Qui distinctio vero rerum officiis ut soluta aperiam. Exercitationem non natus voluptas dolorem eligendi ut vel minima. Fugiat debitis expedita exercitationem.','2023-06-27 17:35:26','2023-06-27 17:35:26',NULL),(88,2,16,1,194.00,13.00,545.00,'Est nesciunt officiis velit et sed eos. Maiores aspernatur nam numquam minus. Accusamus qui officiis repudiandae. Id voluptatem nesciunt voluptatibus illum. Sunt amet laudantium perferendis assumenda molestiae pariatur minima velit.','2023-06-27 17:35:26','2023-06-27 17:35:26',NULL),(89,4,21,1,91.00,15.00,1672.00,'Culpa amet inventore aperiam corporis id voluptate voluptas. Et similique ut maxime debitis molestiae consectetur. Quo voluptatem dignissimos maiores et qui animi. Consequatur non et voluptas minus voluptatibus atque.','2023-06-27 17:35:26','2023-06-27 17:35:26',NULL),(90,1,15,1,198.00,3.00,1907.00,'Iure enim nam voluptatem numquam. Ex sit aut sed ut. Temporibus aut est beatae id earum iusto sed.','2023-06-27 17:35:26','2023-06-27 17:35:26',NULL),(91,2,27,1,119.00,9.00,2506.00,'Doloremque soluta temporibus fugiat nesciunt odio aut inventore. Ea magnam similique quia vel. Natus adipisci facere optio qui ut et.','2023-06-27 17:35:26','2023-06-27 17:35:26',NULL),(92,6,15,1,130.00,6.00,2915.00,'Quaerat dolor quasi sunt ex eius provident et. Nihil sed accusantium qui iure maxime ad reprehenderit. Quam necessitatibus recusandae error ipsa est sit labore. Ad itaque ut nisi autem ut omnis. Illo odit autem corporis placeat.','2023-06-27 17:35:26','2023-06-27 17:35:26',NULL),(93,1,11,1,75.00,3.00,2978.00,'Amet cumque debitis alias ut vel at. Eveniet dicta consequuntur illum distinctio nisi maxime provident. Voluptas saepe maxime sunt et ut eveniet. Illum reiciendis commodi deleniti qui ab quo.','2023-06-27 17:35:26','2023-06-27 17:35:26',NULL),(94,4,19,1,168.00,5.00,357.00,'Distinctio dolore odio velit occaecati fugiat at eum. Occaecati expedita minus explicabo amet non quod nesciunt dicta. Amet unde aut ut debitis dolor natus eligendi. Inventore sed quod rerum provident sint sapiente dolor ut.','2023-06-27 17:35:26','2023-06-27 17:35:26',NULL),(95,1,14,1,182.00,14.00,1069.00,'Repudiandae iste quidem enim facere molestiae delectus cumque enim. Facilis accusamus aut nesciunt reprehenderit reiciendis. Autem molestias quia cumque et qui. Enim reiciendis non facilis quas.','2023-06-27 17:35:26','2023-06-27 17:35:26',NULL),(96,10,2,1,150.00,10.00,286.00,'Necessitatibus enim dolorum praesentium laudantium quia non qui mollitia. Minus amet possimus alias sequi assumenda. Earum cupiditate non rerum exercitationem.','2023-06-27 17:35:26','2023-06-27 17:35:26',NULL),(97,5,5,1,155.00,2.00,1652.00,'Sit voluptates animi et culpa facere accusamus est repudiandae. In repudiandae reprehenderit sed et quibusdam. Est et rem voluptas ex et sit.','2023-06-27 17:35:26','2023-06-27 17:35:26',NULL),(98,4,25,1,70.00,14.00,500.00,'Enim beatae voluptatem debitis soluta quasi. Quia corporis harum ratione natus fuga inventore. Laboriosam error ad repellat qui.','2023-06-27 17:35:26','2023-06-27 17:35:26',NULL),(99,1,46,1,127.00,14.00,2236.00,'Qui impedit est id occaecati. Dicta aspernatur ea soluta amet sit sed voluptatum. Ad consequatur recusandae qui. Ea totam sunt alias nihil dolore consequatur itaque omnis.','2023-06-27 17:35:26','2023-06-27 17:35:26',NULL),(100,1,45,1,152.00,7.00,973.00,'Saepe harum omnis ea omnis. Aut non saepe id voluptatem tempore corporis rerum velit. In dicta saepe doloribus quam corporis ut. Id rerum aperiam maiores beatae molestias.','2023-06-27 17:35:26','2023-06-27 17:35:26',NULL);
/*!40000 ALTER TABLE `pedidos_produtos` ENABLE KEYS */;
UNLOCK TABLES;

--
-- Table structure for table `personal_access_tokens`
--

DROP TABLE IF EXISTS `personal_access_tokens`;
/*!40101 SET @saved_cs_client     = @@character_set_client */;
/*!50503 SET character_set_client = utf8mb4 */;
CREATE TABLE `personal_access_tokens` (
  `id` bigint(20) unsigned NOT NULL AUTO_INCREMENT,
  `tokenable_type` varchar(191) COLLATE utf8mb4_unicode_ci NOT NULL,
  `tokenable_id` bigint(20) unsigned NOT NULL,
  `name` varchar(191) COLLATE utf8mb4_unicode_ci NOT NULL,
  `token` varchar(64) COLLATE utf8mb4_unicode_ci NOT NULL,
  `abilities` text COLLATE utf8mb4_unicode_ci,
  `last_used_at` timestamp NULL DEFAULT NULL,
  `expires_at` timestamp NULL DEFAULT NULL,
  `created_at` timestamp NULL DEFAULT NULL,
  `updated_at` timestamp NULL DEFAULT NULL,
  PRIMARY KEY (`id`),
  UNIQUE KEY `personal_access_tokens_token_unique` (`token`),
  KEY `personal_access_tokens_tokenable_type_tokenable_id_index` (`tokenable_type`,`tokenable_id`)
) ENGINE=MyISAM DEFAULT CHARSET=utf8mb4 COLLATE=utf8mb4_unicode_ci;
/*!40101 SET character_set_client = @saved_cs_client */;

--
-- Dumping data for table `personal_access_tokens`
--

LOCK TABLES `personal_access_tokens` WRITE;
/*!40000 ALTER TABLE `personal_access_tokens` DISABLE KEYS */;
/*!40000 ALTER TABLE `personal_access_tokens` ENABLE KEYS */;
UNLOCK TABLES;

--
-- Table structure for table `produtos`
--

DROP TABLE IF EXISTS `produtos`;
/*!40101 SET @saved_cs_client     = @@character_set_client */;
/*!50503 SET character_set_client = utf8mb4 */;
CREATE TABLE `produtos` (
  `id_produto` int(10) unsigned NOT NULL AUTO_INCREMENT,
  `id_tipo_produto` int(11) NOT NULL,
  `nome` varchar(191) COLLATE utf8mb4_unicode_ci NOT NULL,
  `descricao` text COLLATE utf8mb4_unicode_ci,
  `foto` varchar(45) COLLATE utf8mb4_unicode_ci DEFAULT NULL,
  `observacoes` text COLLATE utf8mb4_unicode_ci,
  `created_at` timestamp NULL DEFAULT NULL,
  `updated_at` timestamp NULL DEFAULT NULL,
  `deleted_at` timestamp NULL DEFAULT NULL,
  PRIMARY KEY (`id_produto`)
) ENGINE=MyISAM AUTO_INCREMENT=151 DEFAULT CHARSET=utf8mb4 COLLATE=utf8mb4_unicode_ci;
/*!40101 SET character_set_client = @saved_cs_client */;

--
-- Dumping data for table `produtos`
--

LOCK TABLES `produtos` WRITE;
/*!40000 ALTER TABLE `produtos` DISABLE KEYS */;
INSERT INTO `produtos` VALUES (1,1,'Michele Ramires','Maiores qui voluptatibus dicta voluptates aspernatur cupiditate. Ut nihil earum aut ad et et ea aut. Voluptatem consequatur sunt ut.',NULL,NULL,'2023-06-20 19:47:40','2023-06-20 19:47:40',NULL),(2,1,'Dr. Jerônimo Balestero Sobrinho','Cumque quis nesciunt vel explicabo. Et totam qui et animi eaque. Enim fuga quod vitae explicabo facere et dolores dolorum. Nostrum corporis ab ex et commodi quasi sed.',NULL,NULL,'2023-06-20 19:47:40','2023-06-20 19:47:40',NULL),(3,1,'Giovanna Samanta Santos','Non repellendus nemo aliquam libero et. Ab excepturi aut quo asperiores qui ab. Nihil rerum dolorem amet esse et. Reprehenderit et rerum dolores nostrum sit reprehenderit at et.',NULL,NULL,'2023-06-20 19:47:40','2023-06-20 19:47:40',NULL),(4,1,'Sra. Lavínia Campos Neto','Molestias maxime nostrum quasi. Consequatur consectetur veniam rerum sunt culpa iusto. Veritatis molestias et velit ut et voluptas ut. Exercitationem est odio rem aspernatur officiis porro quis.',NULL,NULL,'2023-06-20 19:47:40','2023-06-20 19:47:40',NULL),(5,1,'Dr. Allison Solano','Quia dolor cupiditate eos assumenda. Repudiandae necessitatibus quis rem dignissimos. In quidem sequi nihil qui tenetur eum quis.',NULL,NULL,'2023-06-20 19:47:40','2023-06-20 19:47:40',NULL),(6,1,'Sra. Isabella Amaral Marés','Non ut aut provident impedit ut modi neque. Repellat rerum fugiat voluptate alias eligendi sunt eveniet consequatur. Officiis sit culpa ipsam ut laboriosam aut.',NULL,NULL,'2023-06-20 19:47:40','2023-06-20 19:47:40',NULL),(7,1,'Emerson Alves Branco','Ea deserunt amet rerum quo. Aliquam occaecati officia saepe voluptatem asperiores. Et dicta magnam vero eaque sequi.',NULL,NULL,'2023-06-20 19:47:40','2023-06-20 19:47:40',NULL),(8,1,'Srta. Jasmin Thalita Ramires','Tempora et doloribus mollitia. Ut saepe non eos sunt nobis. Aut sunt et tempora est omnis.',NULL,NULL,'2023-06-20 19:47:40','2023-06-20 19:47:40',NULL),(9,1,'Dr. Sérgio Maldonado','Deleniti fugit iste adipisci voluptas. Quibusdam qui ipsa dolorem sequi ut voluptates id minima. Maiores voluptatibus saepe inventore vel. Quasi est nostrum sit nobis quis.',NULL,NULL,'2023-06-20 19:47:40','2023-06-20 19:47:40',NULL),(10,1,'Dr. Kauan Delatorre','Saepe quisquam dolores voluptatem sequi esse debitis. Itaque recusandae ratione blanditiis et dolorem architecto dignissimos. Ab quas et et alias fuga earum ut minus. Atque accusamus consequatur at.',NULL,NULL,'2023-06-20 19:47:40','2023-06-20 19:47:40',NULL),(11,1,'Igor Gusmão','Veniam ut asperiores quam. Totam minima rerum culpa voluptate. Velit consectetur nemo deserunt ex est illo.',NULL,NULL,'2023-06-20 19:47:40','2023-06-20 19:47:40',NULL),(12,1,'Sr. Daniel Balestero Jr.','Fugit ducimus porro libero nihil quas. Quidem repellat dolor explicabo autem dolorum molestiae ex. Magni non nisi possimus itaque sint commodi.',NULL,NULL,'2023-06-20 19:47:40','2023-06-20 19:47:40',NULL),(13,1,'Sr. Denis Sebastião D\'ávila Filho','Quisquam voluptatem quibusdam quis. Ut et sint quia. Possimus aperiam non omnis non possimus quisquam. Tenetur voluptatem error et dolore et.',NULL,NULL,'2023-06-20 19:47:40','2023-06-20 19:47:40',NULL),(14,1,'Srta. Heloise Zambrano de Freitas Neto','Earum dolores ullam quis eos. Quod soluta maiores quos rerum exercitationem dolores. Sunt fugit ut enim et. Rerum molestiae ex non odit quasi aliquam. Adipisci in aut error reiciendis harum ut quo.',NULL,NULL,'2023-06-20 19:47:40','2023-06-20 19:47:40',NULL),(15,1,'Sra. Noelí Bittencourt Alcantara','Aut provident quidem eum dolorum ea. Id ipsum non sed sint nisi. Voluptatum sed distinctio eligendi dicta.',NULL,NULL,'2023-06-20 19:47:40','2023-06-20 19:47:40',NULL),(16,1,'Sr. Eric Torres Neto','Odio est illo illum qui. Error accusantium vero tempore ipsum. Reiciendis magnam molestiae perspiciatis ea.',NULL,NULL,'2023-06-20 19:47:40','2023-06-20 19:47:40',NULL),(17,1,'Noemi Carvalho','Illum ipsa maiores et exercitationem similique. Aut voluptatem tempore est architecto nemo est. Tenetur aut repudiandae eligendi cum. Ut ipsam et nihil earum itaque molestiae quo provident.',NULL,NULL,'2023-06-20 19:47:40','2023-06-20 19:47:40',NULL),(18,1,'Mateus Meireles Zaragoça','Laboriosam quibusdam est nihil temporibus blanditiis minima. Et id possimus porro quia. Veritatis quo ea quod quisquam rerum maxime. Ea quae illum quo mollitia odio et.',NULL,NULL,'2023-06-20 19:47:40','2023-06-20 19:47:40',NULL),(19,1,'Sra. Milene Souza','Voluptate voluptas ipsa veritatis aut commodi alias omnis. Aliquid minus omnis molestiae corrupti ipsam. Et esse dolores sint delectus sunt. Ipsa excepturi et eius id sapiente fuga in.',NULL,NULL,'2023-06-20 19:47:40','2023-06-20 19:47:40',NULL),(20,1,'Maurício Simon Carvalho','Odit ut aut est illo. Pariatur aperiam possimus ea vitae tempora doloremque velit et. Accusamus voluptas minima quia accusantium voluptatum. Ipsam amet est consequatur ut.',NULL,NULL,'2023-06-20 19:47:40','2023-06-20 19:47:40',NULL),(21,1,'Sr. Gean Corona','Non placeat laborum assumenda ut quidem rerum est. Ex quo aut est ut quasi qui itaque. Eum et necessitatibus illum vero. Sequi et quaerat cum debitis. Sunt in ut est sed.',NULL,NULL,'2023-06-20 19:47:40','2023-06-20 19:47:40',NULL),(22,1,'Srta. Juliana Luiza Franco','Eos at neque nam. Reprehenderit libero et modi maxime iusto. Laborum dolores quam tempora repudiandae ut nobis est.',NULL,NULL,'2023-06-20 19:47:40','2023-06-20 19:47:40',NULL),(23,1,'Mônica Montenegro','Assumenda est quidem ex est corporis. Sint accusamus ut iusto aliquid eum. Quod voluptatum explicabo dolores consequuntur reiciendis et. Dolores ipsam dignissimos voluptas qui deleniti quia in.',NULL,NULL,'2023-06-20 19:47:40','2023-06-20 19:47:40',NULL),(24,1,'Srta. Renata Alves','Repellat animi architecto est exercitationem. Consequatur enim nemo omnis qui et quia eligendi. Aut qui et vel quod mollitia aspernatur qui veritatis. Aspernatur laudantium perspiciatis sed.',NULL,NULL,'2023-06-20 19:47:40','2023-06-20 19:47:40',NULL),(25,1,'Renan Sandro Soto','Odit corporis similique maxime. Et enim dolorem debitis. Consequatur voluptatem deserunt quo suscipit natus iure saepe non. Optio libero est et ipsa.',NULL,NULL,'2023-06-20 19:47:40','2023-06-20 19:47:40',NULL),(26,1,'Vitor Furtado','Qui ab laudantium reprehenderit quis. Cum eum at minima. Non rerum veritatis nisi sed voluptatem accusantium. Sapiente velit harum nam corrupti.',NULL,NULL,'2023-06-20 19:47:40','2023-06-20 19:47:40',NULL),(27,1,'Gael Santacruz','Qui placeat atque vero quasi quis cum et. Vero voluptas voluptatem quibusdam odit. Consequatur mollitia et aliquid saepe laborum. Magnam ut cum animi.',NULL,NULL,'2023-06-20 19:47:40','2023-06-20 19:47:40',NULL),(28,1,'Poliana Beltrão','Blanditiis magnam aut modi. Quaerat dignissimos esse fugit ea reprehenderit ut. Aut doloribus et voluptatum. Magnam temporibus quia nemo est.',NULL,NULL,'2023-06-20 19:47:40','2023-06-20 19:47:40',NULL),(29,1,'Sergio Delatorre','Natus deleniti rerum et iste. Quo harum quaerat hic eveniet alias consequatur. Id qui eos enim quod error at. Rerum explicabo in esse laudantium sit omnis.',NULL,NULL,'2023-06-20 19:47:40','2023-06-20 19:47:40',NULL),(30,1,'Srta. Mônica Delatorre Madeira Jr.','Repudiandae voluptate enim ab qui eum. Placeat quo consequatur nemo consequatur omnis. Ut praesentium et voluptatem repellendus. Quia earum earum qui vitae rerum eos.',NULL,NULL,'2023-06-20 19:47:40','2023-06-20 19:47:40',NULL),(31,1,'Sr. Fernando Godói Rangel Filho','Iste cumque ea asperiores architecto harum eligendi. Fugit impedit expedita ut fuga atque suscipit. In repellat repellendus voluptatum.',NULL,NULL,'2023-06-20 19:47:40','2023-06-20 19:47:40',NULL),(32,1,'Sr. Benjamin Martines Neto','Omnis sed non quam non possimus eius. Nesciunt repellat nihil incidunt possimus repellendus. Mollitia dolorem non et. Iste debitis tempore dolore tempore quibusdam omnis.',NULL,NULL,'2023-06-20 19:47:40','2023-06-20 19:47:40',NULL),(33,1,'Lucas Saulo de Souza Jr.','Esse nobis perferendis quidem quas cum. Quam repellat occaecati porro quo qui. Unde quisquam labore officia dolorem dolores placeat.',NULL,NULL,'2023-06-20 19:47:40','2023-06-20 19:47:40',NULL),(34,1,'Paloma Bárbara Faro Filho','Beatae et nulla et deserunt ullam. Ut aliquid at distinctio rerum officiis ab. Saepe assumenda rem officia harum. Nihil autem quidem aut tenetur.',NULL,NULL,'2023-06-20 19:47:40','2023-06-20 19:47:40',NULL),(35,1,'Dr. Luiz Rocha','Optio sed temporibus alias esse et cum maiores numquam. Delectus labore officiis aut nisi aut aut. Consequatur sint sunt quia itaque consequuntur architecto rem.',NULL,NULL,'2023-06-20 19:47:40','2023-06-20 19:47:40',NULL),(36,1,'Fabiana Batista','Ullam voluptatem voluptate nihil. Aliquam et odio reprehenderit magnam sequi et. Exercitationem voluptas eos in reiciendis at alias optio.',NULL,NULL,'2023-06-20 19:47:40','2023-06-20 19:47:40',NULL),(37,1,'Srta. Raquel Marin Sobrinho','Rerum est aut corporis ut dolores. Ducimus ipsam cum eaque eveniet et. Ab assumenda dolorum sit occaecati ex rerum incidunt.',NULL,NULL,'2023-06-20 19:47:40','2023-06-20 19:47:40',NULL),(38,1,'Gustavo Richard de Arruda Sobrinho','Ut omnis magnam aut sit dolores necessitatibus dolorum. Ipsam ea est vero est non consectetur. In commodi voluptas esse tempora. Error quasi similique sed et in aut.',NULL,NULL,'2023-06-20 19:47:40','2023-06-20 19:47:40',NULL),(39,1,'Srta. Lara Micaela Carmona Neto','Quisquam recusandae accusamus odit nobis corporis neque. Quae quas fugit quas molestiae sed est. Ea voluptatem vel aspernatur sit iste unde.',NULL,NULL,'2023-06-20 19:47:40','2023-06-20 19:47:40',NULL),(40,1,'Dr. Alexandre Dominato Rocha','Minus alias quidem delectus ut aspernatur nihil. In fugit tempora consequatur exercitationem. Repellat maxime qui explicabo ut.',NULL,NULL,'2023-06-20 19:47:40','2023-06-20 19:47:40',NULL),(41,1,'Sr. Alessandro Fernandes','Quis quibusdam quos quaerat dolorem sint ut qui. Unde reiciendis sed consectetur nihil aut deserunt voluptatibus. Reiciendis et consequatur ea repudiandae.',NULL,NULL,'2023-06-20 19:47:40','2023-06-20 19:47:40',NULL),(42,1,'Louise Norma Verdara Filho','Dolores veniam consectetur quia qui praesentium vero. Recusandae dolorem ut provident totam id.',NULL,NULL,'2023-06-20 19:47:40','2023-06-20 19:47:40',NULL),(43,1,'Dr. Franciele Amaral','Sunt cumque maxime natus fugit ipsa sunt magnam. Est doloribus ullam vitae temporibus odit reiciendis laborum.',NULL,NULL,'2023-06-20 19:47:40','2023-06-20 19:47:40',NULL),(44,1,'Natália Valdez Azevedo Sobrinho','Aut iste sint nostrum. Quia ullam consectetur maiores neque. Laborum perferendis placeat ea quae doloremque. Deserunt repellat eos corporis ut. Dolores accusamus quia voluptatibus eos.',NULL,NULL,'2023-06-20 19:47:40','2023-06-20 19:47:40',NULL),(45,1,'Sr. Samuel Pena Sobrinho','Nostrum aut dicta ipsa quasi labore aut. Fugit rerum nostrum et repellat. Minima aut et cumque laudantium occaecati rerum tempore.',NULL,NULL,'2023-06-20 19:47:40','2023-06-20 19:47:40',NULL),(46,1,'Josué Maldonado Jr.','Quo quia facere expedita. Adipisci aperiam facilis autem neque nihil fuga. Maxime sed dolor qui laborum sint deserunt.',NULL,NULL,'2023-06-20 19:47:40','2023-06-20 19:47:40',NULL),(47,1,'Raquel das Neves','Perspiciatis earum aspernatur tenetur in aspernatur quod accusamus incidunt. Ipsum non rerum rem sed. Nisi voluptatum saepe itaque ullam voluptatem. Dolorum totam et dicta dolorem magni et quis.',NULL,NULL,'2023-06-20 19:47:40','2023-06-20 19:47:40',NULL),(48,1,'Sr. Ícaro Madeira','Voluptatem alias iure cupiditate. Saepe vel sed ut similique ut quaerat suscipit. Qui dignissimos aspernatur odio et veritatis consequatur. Aut iusto aut nihil assumenda ducimus vel aliquid.',NULL,NULL,'2023-06-20 19:47:40','2023-06-20 19:47:40',NULL),(49,1,'Pâmela Josefina Valente Filho','Quidem eum voluptas ut. Corrupti minus omnis maiores quas. Est vitae nostrum sit eos dicta.',NULL,NULL,'2023-06-20 19:47:40','2023-06-20 19:47:40',NULL),(50,1,'Renata Pedrosa Jr.','Nemo commodi doloribus et. Minima qui laboriosam culpa. Iste quis minus perferendis sequi accusamus nisi dicta.',NULL,NULL,'2023-06-20 19:47:40','2023-06-20 19:47:40',NULL),(51,1,'autem','Delectus sint illo a vitae qui. Alias dolorem itaque qui est temporibus est ea magni. Et reiciendis aut praesentium nihil dolor. Necessitatibus quam ut voluptas quis.',NULL,NULL,'2023-06-20 20:04:32','2023-06-20 20:04:32',NULL),(52,1,'iusto','Consequatur ab voluptatem magni voluptatem sit tempora. Veniam beatae voluptas non sit dolores. Ut sit est laudantium rem impedit quas. Voluptatum aperiam ut dolor corporis.',NULL,NULL,'2023-06-20 20:04:32','2023-06-20 20:04:32',NULL),(53,1,'laboriosam','Laboriosam qui doloribus sed qui. Fugiat ut dolorem delectus quasi delectus. Inventore quaerat iusto nam aut voluptas consequatur nam.',NULL,NULL,'2023-06-20 20:04:32','2023-06-20 20:04:32',NULL),(54,1,'rem','Deserunt sit quas quos esse occaecati. Libero consequatur ab veritatis.',NULL,NULL,'2023-06-20 20:04:32','2023-06-20 20:04:32',NULL),(55,1,'nostrum','Neque harum dolore doloribus autem quibusdam. Quos architecto accusamus quaerat deserunt. Architecto rerum excepturi pariatur architecto.',NULL,NULL,'2023-06-20 20:04:32','2023-06-20 20:04:32',NULL),(56,1,'aut','Earum ad ducimus incidunt voluptatem modi. Aliquid pariatur et eum quas dolores. Aspernatur dolore veniam voluptatum a dicta sint.',NULL,NULL,'2023-06-20 20:04:32','2023-06-20 20:04:32',NULL),(57,1,'necessitatibus','Maiores consequatur distinctio placeat velit deserunt non. Voluptatum qui quo pariatur ea. Officiis id quos suscipit unde qui non.',NULL,NULL,'2023-06-20 20:04:32','2023-06-20 20:04:32',NULL),(58,1,'et','Quidem sed quaerat aperiam enim dolores et esse. Maxime dolorem quia facere a facilis quasi qui quia. Quos velit praesentium ducimus vero expedita. Quam vel laudantium fugit qui.',NULL,NULL,'2023-06-20 20:04:32','2023-06-20 20:04:32',NULL),(59,1,'error','Earum error nihil est voluptatum ducimus suscipit. Sit vero similique inventore in minus ea sit.',NULL,NULL,'2023-06-20 20:04:32','2023-06-20 20:04:32',NULL),(60,1,'atque','Quia facere dolorum sed neque ratione repudiandae optio rerum. Sed non dolorum aut enim adipisci. In impedit quis impedit.',NULL,NULL,'2023-06-20 20:04:32','2023-06-20 20:04:32',NULL),(61,1,'consequatur','Corrupti praesentium consequuntur sed eveniet asperiores ut. Sit quod pariatur accusamus velit. Sunt sint officiis laudantium ut ut.',NULL,NULL,'2023-06-20 20:04:32','2023-06-20 20:04:32',NULL),(62,1,'et','Eius qui nostrum iusto eos ut voluptas aliquid id. Qui et sint quibusdam ut. Sunt dolore odit rerum enim.',NULL,NULL,'2023-06-20 20:04:32','2023-06-20 20:04:32',NULL),(63,1,'odit','Est quos et itaque quasi nulla. Qui odit atque veniam ea odit inventore error. Aut sapiente illo autem et nostrum vel totam.',NULL,NULL,'2023-06-20 20:04:32','2023-06-20 20:04:32',NULL),(64,1,'officiis','Reprehenderit dolore explicabo rerum dicta molestiae. Ab eaque fugit debitis id. Repudiandae ipsam impedit neque at nesciunt quia quisquam. Harum ad sit accusamus modi.',NULL,NULL,'2023-06-20 20:04:32','2023-06-20 20:04:32',NULL),(65,1,'ab','Molestias sit a sed tenetur facere commodi qui. Sapiente aut ad dolorem omnis. Qui dolore et temporibus inventore.',NULL,NULL,'2023-06-20 20:04:32','2023-06-20 20:04:32',NULL),(66,1,'corporis','Illum suscipit natus est modi sapiente assumenda. Qui consequatur eaque praesentium ut. Est pariatur fugit et explicabo quaerat.',NULL,NULL,'2023-06-20 20:04:32','2023-06-20 20:04:32',NULL),(67,1,'perferendis','Recusandae facere a voluptatem soluta id magni ut. Soluta temporibus cumque dicta et harum unde sint deleniti. Animi ut quis quae eius.',NULL,NULL,'2023-06-20 20:04:32','2023-06-20 20:04:32',NULL),(68,1,'id','Sit necessitatibus aut tempore in architecto in odit. Adipisci velit et totam consequatur veritatis. Accusamus voluptate et sint rerum magni est quia aliquam.',NULL,NULL,'2023-06-20 20:04:32','2023-06-20 20:04:32',NULL),(69,1,'aut','Voluptatem et sit qui impedit dolore eius eligendi qui. Maxime nesciunt totam recusandae. Ex ut quia consectetur sed repudiandae.',NULL,NULL,'2023-06-20 20:04:32','2023-06-20 20:04:32',NULL),(70,1,'quas','Rerum eos officiis ipsam sit. Nam dolorum et eum tempora labore nulla. Eum eveniet odit voluptatem nobis.',NULL,NULL,'2023-06-20 20:04:32','2023-06-20 20:04:32',NULL),(71,1,'et','Expedita alias rerum sapiente occaecati porro. Ea deserunt quod animi velit est. Et neque maxime fuga quae eos saepe.',NULL,NULL,'2023-06-20 20:04:32','2023-06-20 20:04:32',NULL),(72,1,'quos','Et non consequatur et fugiat. Illo atque alias est. Dolores in exercitationem aut adipisci. Debitis iste laborum enim hic.',NULL,NULL,'2023-06-20 20:04:32','2023-06-20 20:04:32',NULL),(73,1,'quia','Ut aut tenetur excepturi architecto non. Consectetur qui libero recusandae dolores quis saepe. Tempore deleniti molestias qui voluptate illo odit.',NULL,NULL,'2023-06-20 20:04:32','2023-06-20 20:04:32',NULL),(74,1,'dicta','Sunt est qui magni esse tempore et et ipsum. Praesentium omnis maiores aut error. Tenetur neque porro fugit ut. Possimus et deleniti consequatur nobis recusandae illum.',NULL,NULL,'2023-06-20 20:04:32','2023-06-20 20:04:32',NULL),(75,1,'placeat','Odit fugiat molestiae sit illo necessitatibus. Nulla ab qui accusamus ipsa molestiae tempore. Iure ipsa blanditiis sit ut deleniti perferendis aut. Aut voluptatem et vitae ad est odio velit ab.',NULL,NULL,'2023-06-20 20:04:32','2023-06-20 20:04:32',NULL),(76,1,'ratione','Dignissimos nostrum consequatur voluptatem aut at. Odit voluptatem ipsa in provident blanditiis dolores. Sit quo sit aut sunt aut. Corrupti rerum qui molestiae voluptas.',NULL,NULL,'2023-06-20 20:04:32','2023-06-20 20:04:32',NULL),(77,1,'officia','Eos alias impedit molestiae aut mollitia ea quis. Sint iusto sint ea. Eos et ratione dolorum sed. Aut et facere recusandae ratione est ea explicabo perspiciatis.',NULL,NULL,'2023-06-20 20:04:32','2023-06-20 20:04:32',NULL),(78,1,'suscipit','Ab sunt iusto quo. Rerum ratione dolorem architecto iure accusantium totam iusto. Totam necessitatibus molestiae qui dolores culpa.',NULL,NULL,'2023-06-20 20:04:32','2023-06-20 20:04:32',NULL),(79,1,'vero','Earum odio quaerat omnis velit et. Esse eum quia ut ut doloribus voluptate. Qui repellat non facere sed consequatur quos assumenda. Ut eum quia nihil.',NULL,NULL,'2023-06-20 20:04:32','2023-06-20 20:04:32',NULL),(80,1,'dignissimos','Quia deleniti laudantium voluptas dolorem quibusdam qui ullam. Enim non explicabo enim quod eius. Facilis placeat vero cupiditate in.',NULL,NULL,'2023-06-20 20:04:32','2023-06-20 20:04:32',NULL),(81,1,'unde','Voluptas iste at culpa aut blanditiis temporibus. Inventore ad rerum et temporibus nihil. Sed illo alias qui aperiam consequatur velit. Rerum quidem et voluptatem tenetur ipsam animi laboriosam.',NULL,NULL,'2023-06-20 20:04:32','2023-06-20 20:04:32',NULL),(82,1,'aut','Qui sint sed molestiae molestias et neque. Cum necessitatibus magni maxime quaerat. Nam quia voluptas ex et sequi facilis.',NULL,NULL,'2023-06-20 20:04:32','2023-06-20 20:04:32',NULL),(83,1,'quia','Eos voluptas ut dicta non repellat. Quaerat rem atque distinctio eius. Alias impedit et ipsam ut sapiente. Non praesentium consequatur repudiandae numquam nihil vel.',NULL,NULL,'2023-06-20 20:04:32','2023-06-20 20:04:32',NULL),(84,1,'quasi','Omnis architecto voluptas aut nemo voluptas. Ab officiis ut qui. Labore dolor omnis nulla repellat modi quis unde. Deserunt temporibus ut hic ea.',NULL,NULL,'2023-06-20 20:04:32','2023-06-20 20:04:32',NULL),(85,1,'laboriosam','Velit rerum suscipit vel. Ea aspernatur reprehenderit occaecati iure voluptas sed porro aliquid. Magni molestias ratione natus nulla.',NULL,NULL,'2023-06-20 20:04:32','2023-06-20 20:04:32',NULL),(86,1,'blanditiis','Ullam quibusdam dignissimos et quo sed. Magni reiciendis quis officiis facere beatae sint rerum. In sit expedita eum rerum distinctio eum.',NULL,NULL,'2023-06-20 20:04:32','2023-06-20 20:04:32',NULL),(87,1,'quis','Aut eligendi est eligendi. Saepe consequatur est deleniti exercitationem fuga vel ut. Minus voluptas hic voluptate quia.',NULL,NULL,'2023-06-20 20:04:32','2023-06-20 20:04:32',NULL),(88,1,'excepturi','Cupiditate aliquid enim sed ipsum est officiis maxime. Qui autem quis repudiandae ipsa autem illo voluptatibus. Eaque ut assumenda omnis explicabo soluta facere.',NULL,NULL,'2023-06-20 20:04:32','2023-06-20 20:04:32',NULL),(89,1,'nobis','Repellendus omnis non rem similique enim dolores voluptatem. Ea repellendus ipsa commodi sint reprehenderit. Vero quidem aut eos ullam est atque dolore.',NULL,NULL,'2023-06-20 20:04:32','2023-06-20 20:04:32',NULL),(90,1,'incidunt','Exercitationem corrupti dolores consequuntur maxime. Voluptas eos dolore tempora voluptates totam iure magni optio. Sed et sint hic quam tempora aut velit dolores.',NULL,NULL,'2023-06-20 20:04:32','2023-06-20 20:04:32',NULL),(91,1,'consequatur','Nemo et recusandae aut cumque. Et sunt assumenda reiciendis beatae maiores. Saepe itaque libero sit sint beatae nostrum.',NULL,NULL,'2023-06-20 20:04:32','2023-06-20 20:04:32',NULL),(92,1,'vero','Modi alias corporis delectus voluptas. Est suscipit voluptatem ex cum. Qui culpa accusantium deleniti mollitia. Quia recusandae sed qui aliquam natus. Voluptas distinctio minima corporis ipsa facere.',NULL,NULL,'2023-06-20 20:04:32','2023-06-20 20:04:32',NULL),(93,1,'rerum','Vel voluptatibus eaque possimus voluptatem. Quos quia ipsum consequatur ut. Inventore rerum nam delectus fugit est suscipit ut. Modi odio similique ducimus qui sit nihil.',NULL,NULL,'2023-06-20 20:04:32','2023-06-20 20:04:32',NULL),(94,1,'laboriosam','Explicabo dolores nostrum eum ut. Perferendis ut sunt deleniti quasi rerum quia officia doloribus. Velit qui a ipsum ipsa id. Animi ipsa sit aut tenetur dolorum recusandae.',NULL,NULL,'2023-06-20 20:04:32','2023-06-20 20:04:32',NULL),(95,1,'et','Est non ex et voluptas ipsam. In qui sed ducimus sit at aliquid. Et error doloribus accusantium culpa voluptatem ad. Est odit cum corrupti debitis dolore officia.',NULL,NULL,'2023-06-20 20:04:32','2023-06-20 20:04:32',NULL),(96,1,'doloribus','Doloremque nisi rem voluptas nisi nulla hic. Qui odit ab eaque adipisci natus. Voluptas aperiam tempore dolorum a. Consequatur in aut in magni.',NULL,NULL,'2023-06-20 20:04:32','2023-06-20 20:04:32',NULL),(97,1,'ad','Facilis perspiciatis accusantium quo dignissimos velit. Cumque debitis quae ipsum molestiae perspiciatis nobis omnis. Et et consequatur fugit eligendi sint omnis qui maxime.',NULL,NULL,'2023-06-20 20:04:32','2023-06-20 20:04:32',NULL),(98,1,'non','Aut rem et architecto. Officia aperiam ut omnis qui est autem fugiat nemo. Sed accusantium consequatur ut doloremque minima eaque. Veritatis dolore sint architecto magnam illo atque quaerat velit.',NULL,NULL,'2023-06-20 20:04:32','2023-06-20 20:04:32',NULL),(99,1,'ex','Et et rerum aut et velit ut. Nam similique architecto velit rerum aut. Id expedita dolor eius fuga minima.',NULL,NULL,'2023-06-20 20:04:32','2023-06-20 20:04:32',NULL),(100,1,'voluptatibus','Rerum natus eligendi modi provident laboriosam. Excepturi quis pariatur est nisi. Eos omnis vitae omnis id exercitationem nihil. Doloribus ratione excepturi et libero ipsam.',NULL,NULL,'2023-06-20 20:04:32','2023-06-20 20:04:32',NULL),(101,1,'voluptas','Esse explicabo corrupti quibusdam cumque sit. Id ipsum nostrum ut aut sint. Distinctio voluptas totam reprehenderit vel sunt.',NULL,NULL,'2023-06-20 20:05:42','2023-06-20 20:05:42',NULL),(102,1,'ut','Odit accusantium reprehenderit ipsa est natus possimus delectus. Sed voluptatem quo qui. Eum provident et consequatur.',NULL,NULL,'2023-06-20 20:05:42','2023-06-20 20:05:42',NULL),(103,1,'quod','Omnis qui consectetur voluptatibus debitis beatae. Odio reprehenderit omnis et quis. Qui autem quas dolorum id quis soluta esse.',NULL,NULL,'2023-06-20 20:05:42','2023-06-20 20:05:42',NULL),(104,1,'assumenda','Nihil nobis amet repudiandae nostrum est optio. Omnis eaque laudantium eveniet in est dolore quia. Numquam dolorem vel sed nemo aliquam. Et sed quo perferendis mollitia aut iste quia.',NULL,NULL,'2023-06-20 20:05:42','2023-06-20 20:05:42',NULL),(105,1,'necessitatibus','Aut labore nulla consequuntur ipsa incidunt qui. Voluptas numquam error qui sit dolor. Soluta consequatur in nobis nisi illo architecto illum. Sed nam sit aperiam et magnam enim.',NULL,NULL,'2023-06-20 20:05:42','2023-06-20 20:05:42',NULL),(106,1,'iusto','Non nesciunt aut ullam hic possimus. Saepe adipisci natus aut ducimus qui vel sit.',NULL,NULL,'2023-06-20 20:05:42','2023-06-20 20:05:42',NULL),(107,1,'excepturi','Adipisci sapiente nihil in natus id qui ut. Ut autem quia quam quisquam saepe. Aut sunt dolor quia quasi. Aut neque sit atque magnam quisquam.',NULL,NULL,'2023-06-20 20:05:42','2023-06-20 20:05:42',NULL),(108,1,'quo','Repudiandae accusamus blanditiis sunt quis. Quas est nihil neque nesciunt beatae. Ut omnis qui possimus veritatis officia autem minus. Sint nemo velit eos.',NULL,NULL,'2023-06-20 20:05:42','2023-06-20 20:05:42',NULL),(109,1,'autem','Aliquam est id laborum necessitatibus cumque itaque. Dicta sed aliquid enim sunt perspiciatis est. Unde vitae inventore quia aliquid sunt cupiditate. Ullam sapiente qui iste laborum.',NULL,NULL,'2023-06-20 20:05:42','2023-06-20 20:05:42',NULL),(110,1,'asperiores','Deserunt sed neque officiis in nam amet cumque culpa. Et iure quia veniam sapiente aut. Mollitia tempora et doloremque consequatur.',NULL,NULL,'2023-06-20 20:05:42','2023-06-20 20:05:42',NULL),(111,1,'modi','Sint dolores officiis facere rerum. Itaque quo quibusdam sapiente eum officia. Esse ad ea aliquid et vel repellendus.',NULL,NULL,'2023-06-20 20:05:42','2023-06-20 20:05:42',NULL),(112,1,'eligendi','Vero vitae et officia reiciendis fuga ut sint. Dignissimos qui tenetur odio qui culpa. Voluptatibus cumque sequi nemo.',NULL,NULL,'2023-06-20 20:05:42','2023-06-20 20:05:42',NULL),(113,1,'quia','Magnam asperiores qui laborum nemo et odio. Nihil et atque amet ipsa id laboriosam. Minima aut deleniti omnis rerum et sint. Quod ea distinctio ipsam odio minima. Sit officiis unde sed non ea.',NULL,NULL,'2023-06-20 20:05:42','2023-06-20 20:05:42',NULL),(114,1,'aut','Labore enim qui sint sunt. A rem sint ut dolores et quos atque. Et facilis sequi facilis et quia incidunt in non. Saepe voluptatem eos quidem.',NULL,NULL,'2023-06-20 20:05:42','2023-06-20 20:05:42',NULL),(115,1,'reiciendis','Nihil neque sit ea non totam earum. Et explicabo aliquid nisi. Ab maxime et dolorem est magnam. Veritatis ducimus aut eos omnis.',NULL,NULL,'2023-06-20 20:05:42','2023-06-20 20:05:42',NULL),(116,1,'reiciendis','Explicabo modi est nihil ea et. Qui dignissimos labore nobis occaecati eaque earum aut sequi. Eum voluptatem amet voluptatem exercitationem earum.',NULL,NULL,'2023-06-20 20:05:42','2023-06-20 20:05:42',NULL),(117,1,'omnis','Vel est quisquam dolor id nisi. Ut est et neque dolores id doloremque quo. Veniam voluptate nobis officia aspernatur voluptas.',NULL,NULL,'2023-06-20 20:05:42','2023-06-20 20:05:42',NULL),(118,1,'soluta','Ipsa reprehenderit non dolor et minima. Esse voluptatibus soluta quo rerum quaerat et est officia. Iure quae a et similique.',NULL,NULL,'2023-06-20 20:05:42','2023-06-20 20:05:42',NULL),(119,1,'velit','Corrupti porro impedit et et ut ad magnam. Voluptatem dolorem aperiam qui eius. Ut temporibus ipsam pariatur velit impedit. Distinctio quisquam ipsam neque qui.',NULL,NULL,'2023-06-20 20:05:42','2023-06-20 20:05:42',NULL),(120,1,'hic','Nesciunt quia dolorem voluptas asperiores sit ullam. Eos voluptates et temporibus voluptatem illum illum ea labore. Cupiditate id maiores excepturi. Qui et voluptatem qui. Distinctio eaque nam saepe.',NULL,NULL,'2023-06-20 20:05:42','2023-06-20 20:05:42',NULL),(121,1,'sed','Voluptatem quod dolore hic. Ut eligendi velit voluptas velit tenetur. Explicabo est quidem et perferendis.',NULL,NULL,'2023-06-20 20:05:42','2023-06-20 20:05:42',NULL),(122,1,'rem','Occaecati necessitatibus similique quaerat maxime iste quidem eaque illum. Ab consequuntur qui eos ab qui consequatur. Provident laudantium harum ut dolore sit.',NULL,NULL,'2023-06-20 20:05:42','2023-06-20 20:05:42',NULL),(123,1,'inventore','Ipsa dolore quia ratione earum illum magni et. Omnis quia placeat est tenetur reprehenderit. Sequi omnis est cupiditate pariatur voluptatem. Voluptatibus aliquid eveniet est totam.',NULL,NULL,'2023-06-20 20:05:42','2023-06-20 20:05:42',NULL),(124,1,'aut','Laborum harum quam minus dolor. Temporibus ut neque et voluptates aperiam voluptate. Eum rerum distinctio natus et.',NULL,NULL,'2023-06-20 20:05:42','2023-06-20 20:05:42',NULL),(125,1,'mollitia','Commodi rerum vitae similique earum vero qui. Reprehenderit alias facilis in tenetur eos. Non quo a quo facere vel corporis alias.',NULL,NULL,'2023-06-20 20:05:42','2023-06-20 20:05:42',NULL),(126,1,'voluptate','Dolores laudantium esse veritatis et aut suscipit. Repellendus tempora quis soluta at perferendis. Possimus consequatur quae omnis exercitationem est hic tempora.',NULL,NULL,'2023-06-20 20:05:42','2023-06-20 20:05:42',NULL),(127,1,'a','Deserunt nihil debitis veniam animi. Est labore quas eveniet sit repellendus nihil. Distinctio fugiat maxime sunt et. Voluptas cumque soluta dignissimos a in quidem omnis.',NULL,NULL,'2023-06-20 20:05:42','2023-06-20 20:05:42',NULL),(128,1,'voluptates','Nulla ipsa et quia eligendi. Repudiandae ut qui et voluptatem sit dolores illum. Nihil magni cum consequatur est. Delectus aliquid omnis officiis labore veniam.',NULL,NULL,'2023-06-20 20:05:42','2023-06-20 20:05:42',NULL),(129,1,'dolore','In dolorem impedit dicta vero sapiente totam esse. Fugiat quis et saepe consectetur. Ratione modi eaque mollitia atque adipisci quas.',NULL,NULL,'2023-06-20 20:05:42','2023-06-20 20:05:42',NULL),(130,1,'suscipit','Et in nihil ab tempore qui totam. Perspiciatis accusamus vel et possimus non rerum vero. Dolorem eum accusantium consequatur aut deserunt corporis similique.',NULL,NULL,'2023-06-20 20:05:42','2023-06-20 20:05:42',NULL),(131,1,'consequatur','Maiores et ipsum ipsum omnis facilis quia. Illo sit architecto aut expedita explicabo assumenda. Consequatur labore nam explicabo dolor exercitationem ea qui.',NULL,NULL,'2023-06-20 20:05:42','2023-06-20 20:05:42',NULL),(132,1,'vitae','Dolor unde sunt ut natus voluptatem. Non dolores tenetur maiores deserunt. Consequatur eos pariatur fugit sapiente maiores.',NULL,NULL,'2023-06-20 20:05:42','2023-06-20 20:05:42',NULL),(133,1,'tempore','Voluptate voluptatem ipsa deserunt voluptatem tempore debitis ipsam iusto. Sed unde repudiandae incidunt et reiciendis voluptatem. Neque porro et modi.',NULL,NULL,'2023-06-20 20:05:42','2023-06-20 20:05:42',NULL),(134,1,'velit','Dolor veritatis et nostrum qui ea aut. Velit commodi dignissimos voluptas velit quaerat. Accusamus deserunt ratione saepe provident rem et aut. Voluptatum natus aperiam quia sed ad.',NULL,NULL,'2023-06-20 20:05:42','2023-06-20 20:05:42',NULL),(135,1,'esse','Eius qui dolores qui omnis illo quam tenetur in. Dolorum illum dicta sit esse. Facere rerum itaque omnis consectetur.',NULL,NULL,'2023-06-20 20:05:42','2023-06-20 20:05:42',NULL),(136,1,'nesciunt','Est commodi est ullam consequatur quis ut beatae. Ducimus est nisi dolorem. Eum quibusdam error voluptate quaerat mollitia nisi. Quaerat laudantium et totam.',NULL,NULL,'2023-06-20 20:05:42','2023-06-20 20:05:42',NULL),(137,1,'aspernatur','Corporis sunt dolor corporis maiores quos saepe. Reprehenderit vel aut eum et enim dicta id. Voluptates molestias itaque rem earum autem nihil veniam exercitationem.',NULL,NULL,'2023-06-20 20:05:42','2023-06-20 20:05:42',NULL),(138,1,'incidunt','Iste molestiae aut aliquid numquam animi. Dolor fugiat voluptas reprehenderit aut. Ipsum odio dolore sapiente.',NULL,NULL,'2023-06-20 20:05:42','2023-06-20 20:05:42',NULL),(139,1,'ea','Vitae enim dolorum in qui modi qui. Optio iste optio et commodi quo. Vero fuga quaerat rem numquam odit et.',NULL,NULL,'2023-06-20 20:05:42','2023-06-20 20:05:42',NULL),(140,1,'aspernatur','Ipsa iste velit necessitatibus culpa in sed. Ut itaque magni sint sequi quae.',NULL,NULL,'2023-06-20 20:05:42','2023-06-20 20:05:42',NULL),(141,1,'quisquam','Sint omnis corporis aspernatur ut eaque. Voluptate vero dolorem et quae rerum dicta. Esse veniam asperiores veniam amet iure facere. Eum fugiat quo aut et.',NULL,NULL,'2023-06-20 20:05:42','2023-06-20 20:05:42',NULL),(142,1,'ducimus','Et velit ex est et molestiae eum delectus. Modi itaque natus eaque dignissimos. Et qui molestiae ut debitis ut qui. Nesciunt repudiandae rem reprehenderit nihil officiis rem omnis.',NULL,NULL,'2023-06-20 20:05:42','2023-06-20 20:05:42',NULL),(143,1,'ipsum','Consequuntur et dolor ut nihil. Doloribus atque minima ut ut facilis rerum quisquam. Enim cum voluptatem in.',NULL,NULL,'2023-06-20 20:05:42','2023-06-20 20:05:42',NULL),(144,1,'eum','Ipsam eligendi eos quod rerum accusamus molestiae dolorem molestias. Omnis dolorem culpa quod et ea sint ducimus. Voluptate quod deleniti fuga perferendis.',NULL,NULL,'2023-06-20 20:05:43','2023-06-20 20:05:43',NULL),(145,1,'laudantium','Ut consectetur esse dolorem voluptas dolorem officia. Molestias dolor libero aperiam adipisci in qui. Et assumenda beatae vitae. Amet cum unde officiis perferendis et necessitatibus.',NULL,NULL,'2023-06-20 20:05:43','2023-06-20 20:05:43',NULL),(146,1,'eos','Sit ratione dignissimos perspiciatis placeat. Et sit distinctio nam aut ea quia repellendus. Maxime dignissimos a consequatur vel porro. Eos repudiandae qui distinctio veniam quod id minus illum.',NULL,NULL,'2023-06-20 20:05:43','2023-06-20 20:05:43',NULL),(147,1,'non','Repellat aut et corporis. Commodi voluptas ea voluptatem veritatis. Voluptas rem autem vel eligendi consequatur recusandae.',NULL,NULL,'2023-06-20 20:05:43','2023-06-20 20:05:43',NULL),(148,1,'tempora','Voluptatibus harum rerum voluptatem consequatur aliquam. Numquam sed magnam ratione et enim. Omnis qui eligendi ab consequatur inventore.',NULL,NULL,'2023-06-20 20:05:43','2023-06-20 20:05:43',NULL),(149,1,'modi','Voluptatem explicabo et sit cum eum quis atque. Omnis magni qui laudantium esse. Repellat laborum dolores quo et eos.',NULL,NULL,'2023-06-20 20:05:43','2023-06-20 20:05:43',NULL),(150,1,'quisquam','Tempore voluptas ab saepe eos. Dolor ipsa ut qui et provident culpa. Dolore voluptas voluptatem rerum accusantium praesentium natus sit. Corrupti qui doloribus ut eos provident.',NULL,NULL,'2023-06-20 20:05:43','2023-06-20 20:05:43',NULL);
/*!40000 ALTER TABLE `produtos` ENABLE KEYS */;
UNLOCK TABLES;

--
-- Table structure for table `produtos_tamanhos`
--

DROP TABLE IF EXISTS `produtos_tamanhos`;
/*!40101 SET @saved_cs_client     = @@character_set_client */;
/*!50503 SET character_set_client = utf8mb4 */;
CREATE TABLE `produtos_tamanhos` (
  `id_produto_tamanho` int(10) unsigned NOT NULL AUTO_INCREMENT,
  `id_produto` int(11) NOT NULL,
  `id_tamanho` int(11) NOT NULL DEFAULT '1',
  `preco` decimal(10,2) NOT NULL DEFAULT '0.00',
  `observacoes` text COLLATE utf8mb4_unicode_ci,
  `created_at` timestamp NULL DEFAULT NULL,
  `updated_at` timestamp NULL DEFAULT NULL,
  `deleted_at` timestamp NULL DEFAULT NULL,
  PRIMARY KEY (`id_produto_tamanho`)
) ENGINE=MyISAM AUTO_INCREMENT=301 DEFAULT CHARSET=utf8mb4 COLLATE=utf8mb4_unicode_ci;
/*!40101 SET character_set_client = @saved_cs_client */;

--
-- Dumping data for table `produtos_tamanhos`
--

LOCK TABLES `produtos_tamanhos` WRITE;
/*!40000 ALTER TABLE `produtos_tamanhos` DISABLE KEYS */;
INSERT INTO `produtos_tamanhos` VALUES (1,8,1,472.00,'Sit molestiae debitis eum deserunt ipsam eos. Doloremque quia illo distinctio. Et quod id vero porro a.','2023-06-27 17:00:50','2023-06-27 17:00:50',NULL),(2,29,1,322.00,'Fugiat mollitia dignissimos est qui nobis est. Voluptatem eos totam fuga officiis aut neque nesciunt alias. Dolor possimus blanditiis omnis in soluta.','2023-06-27 17:00:50','2023-06-27 17:00:50',NULL),(3,25,1,484.00,'Placeat suscipit reiciendis aut cum. Enim modi quae dolores iste cumque. Facere possimus voluptatem iste aliquid qui nesciunt veniam. Sed minus voluptates qui ullam molestias facilis ut.','2023-06-27 17:00:50','2023-06-27 17:00:50',NULL),(4,46,1,214.00,'Omnis maxime vitae magni odit eligendi. Numquam qui ut accusantium repellat. Voluptas minima consequuntur voluptatem sapiente. At ut sed ut impedit modi nesciunt sunt et.','2023-06-27 17:00:50','2023-06-27 17:00:50',NULL),(5,14,1,46.00,'Officiis molestias eos delectus enim. Tempora ullam perferendis et repellendus laudantium sunt. Natus ut suscipit nostrum est aut.','2023-06-27 17:00:50','2023-06-27 17:00:50',NULL),(6,21,1,12.00,'Vel accusamus quae qui quod doloremque enim repudiandae. Voluptatibus in voluptas natus unde. Ut et voluptatem velit debitis inventore ex quia asperiores.','2023-06-27 17:00:50','2023-06-27 17:00:50',NULL),(7,41,1,416.00,'Necessitatibus labore nihil facilis totam qui totam. Qui nobis veritatis dolores voluptas quidem aut. Eos ut ipsa qui.','2023-06-27 17:00:50','2023-06-27 17:00:50',NULL),(8,23,1,167.00,'Mollitia soluta minus distinctio. Sunt aspernatur aut est numquam reiciendis in. Dicta ratione in ut temporibus voluptatum ex. Et omnis error nesciunt.','2023-06-27 17:00:50','2023-06-27 17:00:50',NULL),(9,19,1,492.00,'Deleniti ut quia minus quod harum molestiae nisi. Veniam facere et nostrum aliquam velit. Dolore nesciunt iste error est nulla autem. Ipsa et est ut dolorem est et.','2023-06-27 17:00:50','2023-06-27 17:00:50',NULL),(10,42,1,394.00,'Facere excepturi cumque exercitationem rerum animi. Dolores nulla sed quis. Quia quos error cupiditate corporis qui. Doloribus quasi unde ut architecto recusandae maxime voluptas possimus.','2023-06-27 17:00:50','2023-06-27 17:00:50',NULL),(11,32,1,477.00,'Aut reprehenderit sed mollitia ipsum amet. Dolorum nihil id repellat excepturi. Reiciendis nam in itaque impedit id ut culpa recusandae.','2023-06-27 17:00:50','2023-06-27 17:00:50',NULL),(12,25,1,278.00,'Voluptatum deserunt optio ratione esse eius. Veniam deleniti tempore soluta deleniti aut repellendus cupiditate. Et sunt qui id suscipit mollitia.','2023-06-27 17:00:50','2023-06-27 17:00:50',NULL),(13,32,1,98.00,'Recusandae porro adipisci dolores eum sunt eveniet eum. Ea quia unde aut beatae quae. Voluptatem error non architecto voluptas quis nihil est. Ut impedit numquam dolor et ut.','2023-06-27 17:00:50','2023-06-27 17:00:50',NULL),(14,4,1,145.00,'Quae voluptatem et eos eum fuga aut. Qui sed eius explicabo nostrum suscipit nobis. Ad voluptas nobis consequatur doloribus aut provident nesciunt. Ab rerum ducimus ut pariatur est omnis quo minus.','2023-06-27 17:00:50','2023-06-27 17:00:50',NULL),(15,11,1,101.00,'Ut totam in odio dolor. Culpa voluptatem cumque quidem provident. Ex nemo praesentium alias incidunt ratione. Ut alias qui molestias blanditiis id vitae quisquam.','2023-06-27 17:00:50','2023-06-27 17:00:50',NULL),(16,2,1,213.00,'Provident quam velit ipsa in. Sed fugiat velit aut. Dolor sapiente qui ut qui aliquam. A omnis dolores tempora officia quae deleniti.','2023-06-27 17:00:50','2023-06-27 17:00:50',NULL),(17,5,1,140.00,'Et beatae in magnam. A praesentium non assumenda eos. Unde dolorem molestias rem qui inventore rem fuga.','2023-06-27 17:00:50','2023-06-27 17:00:50',NULL),(18,47,1,77.00,'Officiis dicta quibusdam sit incidunt praesentium mollitia sequi et. Ea non facilis voluptatum necessitatibus. Sit nesciunt optio non.','2023-06-27 17:00:50','2023-06-27 17:00:50',NULL),(19,25,1,488.00,'Nobis quam perferendis minima cum est autem ea. Aliquid temporibus maxime at inventore et praesentium. Porro perspiciatis veniam nisi aliquid distinctio sunt saepe aperiam.','2023-06-27 17:00:50','2023-06-27 17:00:50',NULL),(20,44,1,305.00,'Ipsa quod dolorum velit et libero reprehenderit. Nesciunt ut est consectetur aut ipsa iusto ullam. Ab dolore omnis ab cumque pariatur ab molestiae. Rerum aliquam tenetur eligendi debitis commodi.','2023-06-27 17:00:50','2023-06-27 17:00:50',NULL),(21,26,1,344.00,'Fugit aliquid consequatur et minima est repellendus assumenda. Rerum et eos error a.','2023-06-27 17:00:50','2023-06-27 17:00:50',NULL),(22,13,1,379.00,'Temporibus qui iusto eos voluptas magni voluptate. Nihil fugit corrupti architecto aliquam numquam numquam. Architecto sit rem ipsa maiores.','2023-06-27 17:00:50','2023-06-27 17:00:50',NULL),(23,4,1,28.00,'Ducimus asperiores vel consequuntur sed consequatur facilis quo. Quod veniam dignissimos eaque inventore quia. Et aliquam aperiam incidunt aperiam.','2023-06-27 17:00:50','2023-06-27 17:00:50',NULL),(24,28,1,90.00,'Repellat sunt rerum fugiat nihil veritatis est. Minima sunt vel sequi reprehenderit perspiciatis voluptatibus consequatur. Ea voluptatibus alias ut recusandae quidem omnis velit.','2023-06-27 17:00:50','2023-06-27 17:00:50',NULL),(25,49,1,10.00,'Et dolor ut saepe corporis maiores quasi iste. Porro culpa quibusdam enim non dolores consequatur. Eveniet ea neque in dolorem magnam quibusdam omnis velit.','2023-06-27 17:00:50','2023-06-27 17:00:50',NULL),(26,44,1,102.00,'Et cum animi illo itaque rerum ea. Corrupti quis occaecati voluptatem vitae. Voluptatem eum velit ipsa minus.','2023-06-27 17:00:50','2023-06-27 17:00:50',NULL),(27,27,1,276.00,'Ratione eius unde ut quam. Quae eos quaerat necessitatibus. Eum eveniet perferendis delectus in sunt quis maxime minima. Saepe tempore vel molestias itaque ipsam sunt architecto.','2023-06-27 17:00:50','2023-06-27 17:00:50',NULL),(28,35,1,264.00,'Impedit sit consectetur praesentium. Aliquid repudiandae non nihil dolores non.','2023-06-27 17:00:50','2023-06-27 17:00:50',NULL),(29,48,1,391.00,'Eaque est qui harum perferendis aut. Reiciendis numquam ad qui aut aut. Rerum et et voluptatem enim quia nihil amet rerum. Quis vero repellendus adipisci dolore omnis nulla.','2023-06-27 17:00:50','2023-06-27 17:00:50',NULL),(30,41,1,273.00,'Aspernatur voluptatem consequatur voluptatem pariatur autem. Voluptate nemo iure inventore.','2023-06-27 17:00:50','2023-06-27 17:00:50',NULL),(31,14,1,255.00,'Laudantium ab laborum labore dolorem aut. Voluptas deserunt pariatur temporibus autem sit facilis. Qui dolore enim voluptatem officiis et. Ipsum nisi ea dolores nulla ut praesentium.','2023-06-27 17:00:50','2023-06-27 17:00:50',NULL),(32,45,1,462.00,'Doloribus ducimus fugiat dolorem explicabo maxime in. Eaque fugit aut velit necessitatibus maiores ipsum qui. Voluptatem autem quia quidem ea. Eum delectus dicta voluptatem.','2023-06-27 17:00:50','2023-06-27 17:00:50',NULL),(33,22,1,378.00,'Quam et consectetur eaque enim odit accusamus. Suscipit et sit ea est mollitia consequatur. Expedita esse et dicta quo asperiores delectus soluta tempora.','2023-06-27 17:00:50','2023-06-27 17:00:50',NULL),(34,34,1,232.00,'Velit ipsam iusto aliquam ut et. Dicta libero aliquam saepe quis.','2023-06-27 17:00:50','2023-06-27 17:00:50',NULL),(35,40,1,276.00,'Consequatur nemo voluptas nostrum numquam magnam velit vel. Porro incidunt assumenda quibusdam quibusdam fugiat ducimus. Consequatur ut eaque repellat. Dolorum quas pariatur nesciunt quidem et.','2023-06-27 17:00:50','2023-06-27 17:00:50',NULL),(36,37,1,374.00,'Sed corporis voluptate distinctio qui ipsa. Aut error omnis et et incidunt est. Ut nulla omnis consequuntur magni voluptatem quaerat. Sit velit labore minima assumenda iusto aut.','2023-06-27 17:00:50','2023-06-27 17:00:50',NULL),(37,13,1,90.00,'Est velit neque suscipit reprehenderit est ipsa animi cum. Ipsum eveniet perspiciatis et saepe. Harum quidem modi nulla adipisci culpa.','2023-06-27 17:00:50','2023-06-27 17:00:50',NULL),(38,1,1,211.00,'Similique vero omnis facere facere. Magni inventore fugit est accusantium ipsam. Voluptatem eveniet et exercitationem. Voluptatem fuga consequatur et.','2023-06-27 17:00:50','2023-06-27 17:00:50',NULL),(39,4,1,304.00,'Porro optio ut nisi fugiat rerum repudiandae accusamus. Iste saepe reprehenderit nam sunt id odio. Rerum laboriosam est est dolore corrupti.','2023-06-27 17:00:50','2023-06-27 17:00:50',NULL),(40,41,1,475.00,'Sint aut aut perspiciatis iure fugiat. Id consequatur dolor nesciunt eveniet quia. Nesciunt et nobis dicta non odio rerum. Itaque ipsum velit sed quis cumque sit.','2023-06-27 17:00:50','2023-06-27 17:00:50',NULL),(41,6,1,107.00,'Beatae nam reiciendis voluptas aliquam. Unde porro architecto adipisci odit. Veritatis quisquam sed nostrum quia. Error magnam sed dicta temporibus ut. Sit enim corporis mollitia doloribus et ut.','2023-06-27 17:00:50','2023-06-27 17:00:50',NULL),(42,11,1,105.00,'Animi inventore consectetur ea culpa est. Temporibus nemo quam quasi error. Dolor cum quod porro. Saepe quam aut velit eum.','2023-06-27 17:00:50','2023-06-27 17:00:50',NULL),(43,29,1,61.00,'Quo quam adipisci quos. Animi ut vel cumque et laborum voluptatem odit. Aliquid odio est labore qui quibusdam ea.','2023-06-27 17:00:50','2023-06-27 17:00:50',NULL),(44,45,1,197.00,'Ut placeat dolores rerum. Et dolor doloremque aperiam id labore quidem quia in. Laboriosam voluptates ad voluptas omnis. Qui sunt ducimus aut omnis et aliquid.','2023-06-27 17:00:50','2023-06-27 17:00:50',NULL),(45,28,1,278.00,'Sequi magni voluptatem nisi velit cupiditate dolores perspiciatis. Et cupiditate sit quasi doloribus qui. Harum deleniti fugit in sed tempora. Quia velit laborum enim dolores dicta.','2023-06-27 17:00:50','2023-06-27 17:00:50',NULL),(46,20,1,232.00,'Quaerat numquam quia voluptatum quam ab nostrum nihil. Sed doloremque molestias molestiae rerum optio facilis nostrum. Nisi illo impedit nulla quae reiciendis et.','2023-06-27 17:00:50','2023-06-27 17:00:50',NULL),(47,3,1,268.00,'Iure sed voluptatem magnam dolor quidem. Sint aut velit ipsum iusto eveniet. Esse non eos non qui molestiae. Animi inventore hic cupiditate placeat adipisci repellat.','2023-06-27 17:00:50','2023-06-27 17:00:50',NULL),(48,39,1,29.00,'Quia et ex ut et quia omnis corporis. Voluptatem dolores quia corrupti. Dolorum omnis nobis laborum doloribus harum accusamus cum. Recusandae ut consequatur dolorem unde et eum.','2023-06-27 17:00:50','2023-06-27 17:00:50',NULL),(49,6,1,402.00,'Quae quia inventore nobis velit rerum quisquam vel nobis. Nisi voluptatem libero tempore maxime et nostrum.','2023-06-27 17:00:50','2023-06-27 17:00:50',NULL),(50,27,1,402.00,'Recusandae et deserunt ducimus quibusdam adipisci vitae. Nam labore non ipsum a dignissimos vitae quos tenetur.','2023-06-27 17:00:50','2023-06-27 17:00:50',NULL),(51,3,1,329.00,'Quia in tenetur atque ipsa aperiam iste. Et dicta soluta velit delectus voluptates officiis. Numquam officia nesciunt ipsa aut et.','2023-06-27 17:03:19','2023-06-27 17:03:19',NULL),(52,21,1,420.00,'Et soluta ea natus quidem et fugit quos. Nisi doloremque voluptatem ratione provident quia hic consequatur cum. Quia maxime pariatur molestias dicta eaque molestias.','2023-06-27 17:03:19','2023-06-27 17:03:19',NULL),(53,43,1,200.00,'Atque corporis consequatur sint animi nobis. Cum ipsum earum praesentium iusto dolores corporis incidunt. Id et consectetur magni sed eum.','2023-06-27 17:03:19','2023-06-27 17:03:19',NULL),(54,22,1,263.00,'Tempore illo neque est tempore voluptatum. Qui nemo iusto mollitia et placeat doloribus excepturi. In ipsum aliquam qui repellat et excepturi impedit. Eum commodi sed non libero sit.','2023-06-27 17:03:19','2023-06-27 17:03:19',NULL),(55,18,1,469.00,'Quod eligendi quod excepturi quo aliquid quidem nemo. Quisquam magni saepe similique perspiciatis ea. Et qui tempora atque molestias dolores non quasi.','2023-06-27 17:03:19','2023-06-27 17:03:19',NULL),(56,34,1,132.00,'Est consequatur qui quod porro error. Assumenda voluptas et odio accusantium eligendi.','2023-06-27 17:03:19','2023-06-27 17:03:19',NULL),(57,44,1,134.00,'Veniam ut sed vel quia repellendus. Non id minus corrupti molestiae. Doloribus facilis est quos totam sint nam.','2023-06-27 17:03:19','2023-06-27 17:03:19',NULL),(58,20,1,442.00,'Velit quia aspernatur iure. Commodi rerum modi nihil. Culpa modi expedita earum blanditiis eveniet qui accusamus. Rerum ad laudantium quo. Velit officiis ut saepe sunt et. Aut facere quaerat ad.','2023-06-27 17:03:19','2023-06-27 17:03:19',NULL),(59,37,1,109.00,'Fugiat distinctio ducimus reprehenderit sint nesciunt rerum. Corrupti excepturi sit ut rerum. Laboriosam in vitae sed voluptatibus aut debitis.','2023-06-27 17:03:19','2023-06-27 17:03:19',NULL),(60,45,1,337.00,'Nulla pariatur omnis corrupti dolorem non est neque. Sint eligendi voluptatibus modi minus. Expedita et esse consequatur animi velit sit. Ut quod ut blanditiis inventore magnam maiores vitae.','2023-06-27 17:03:19','2023-06-27 17:03:19',NULL),(61,4,1,133.00,'Alias odio voluptatibus libero pariatur velit quia molestias voluptatibus. Explicabo alias corporis repellat fugiat ut. Quis eos ea id.','2023-06-27 17:03:19','2023-06-27 17:03:19',NULL),(62,33,1,184.00,'Ipsum provident architecto hic exercitationem. Quia magnam cumque sit porro corporis at qui quibusdam. Quia molestiae quidem voluptatum quo nam. Magnam error ut quo quia.','2023-06-27 17:03:19','2023-06-27 17:03:19',NULL),(63,7,1,406.00,'Non quaerat nemo incidunt voluptatem libero. Excepturi autem nobis dignissimos qui corrupti. Ea magni exercitationem tempore dolore cupiditate consequatur. Animi vitae rerum voluptates qui non.','2023-06-27 17:03:19','2023-06-27 17:03:19',NULL),(64,37,1,215.00,'Voluptatibus debitis pariatur temporibus occaecati dolor facilis. Repellendus officiis veritatis tempore enim autem quaerat. Qui eum aperiam rerum.','2023-06-27 17:03:19','2023-06-27 17:03:19',NULL),(65,22,1,341.00,'Voluptatibus assumenda autem iusto. Quos error reprehenderit dignissimos deserunt ad non. Sint dolor maiores quia ut natus nesciunt.','2023-06-27 17:03:19','2023-06-27 17:03:19',NULL),(66,5,1,35.00,'Omnis perspiciatis voluptatem et voluptatem. Ducimus similique porro ipsa sed. Aut et quos eligendi. Autem beatae at commodi sed nemo.','2023-06-27 17:03:19','2023-06-27 17:03:19',NULL),(67,50,1,191.00,'Ea ipsam id enim molestiae sunt. Et aut velit id nam iure vitae. Tempora corporis dicta eveniet temporibus. Nam dignissimos at alias aut.','2023-06-27 17:03:19','2023-06-27 17:03:19',NULL),(68,13,1,192.00,'Id quae qui officia dolorum quaerat. Animi inventore labore sint blanditiis. Ut placeat aliquam non et porro fugit.','2023-06-27 17:03:19','2023-06-27 17:03:19',NULL),(69,2,1,375.00,'Nemo vel qui ab fugiat. Id ab dolore alias. Adipisci itaque ipsum deleniti maiores voluptates. Aliquam odit tempore ut dolorem ullam molestiae totam.','2023-06-27 17:03:19','2023-06-27 17:03:19',NULL),(70,33,1,271.00,'In officiis amet quia beatae. Et ut velit ipsa aperiam dignissimos omnis. Quo accusantium est est aut.','2023-06-27 17:03:19','2023-06-27 17:03:19',NULL),(71,50,1,281.00,'Tempore et ipsa ducimus et omnis. Et debitis minima in error est asperiores repellendus. Aut odio nostrum rerum at.','2023-06-27 17:03:19','2023-06-27 17:03:19',NULL),(72,9,1,186.00,'Nostrum asperiores vitae nostrum eius velit. Rerum et similique vel occaecati commodi. Magnam fugit rerum quo ut qui inventore nisi.','2023-06-27 17:03:19','2023-06-27 17:03:19',NULL),(73,14,1,328.00,'Neque repudiandae dignissimos aliquam. Sint deleniti autem sit veritatis distinctio ut beatae. Dolores eum neque qui enim praesentium cupiditate totam. Nihil quia ea quia voluptatum modi.','2023-06-27 17:03:19','2023-06-27 17:03:19',NULL),(74,36,1,32.00,'Nesciunt ut ea eaque eveniet. Ut vel laudantium adipisci nostrum aut dolores. Sequi quia et reiciendis eum. Laudantium error ab aut itaque et est.','2023-06-27 17:03:19','2023-06-27 17:03:19',NULL),(75,22,1,221.00,'Rerum et nemo quo qui nihil hic. Esse earum quis quod porro sed et officia. Eum consectetur assumenda consequatur enim.','2023-06-27 17:03:19','2023-06-27 17:03:19',NULL),(76,39,1,108.00,'Ut magni ut maxime dolorem sunt rerum. Dolorem consequuntur nisi sit et reprehenderit aut dolor.','2023-06-27 17:03:19','2023-06-27 17:03:19',NULL),(77,3,1,124.00,'Veniam eum rerum eum veritatis ab voluptas. Sed temporibus dolor voluptatem id nesciunt reiciendis omnis. Quo eligendi aut aliquam ut in. Eum accusantium nulla dolor sint omnis voluptatem id.','2023-06-27 17:03:19','2023-06-27 17:03:19',NULL),(78,7,1,199.00,'Est voluptatum magni rem qui. A cupiditate corrupti minus. Assumenda soluta et facilis temporibus est et placeat.','2023-06-27 17:03:19','2023-06-27 17:03:19',NULL),(79,45,1,389.00,'Nemo sint incidunt et eos alias. Inventore eos iste dolores molestiae non maiores qui. Odio voluptates possimus qui minima quia corrupti consectetur.','2023-06-27 17:03:19','2023-06-27 17:03:19',NULL),(80,29,1,136.00,'Aspernatur esse rerum nisi. Dolore tempore ut in fuga velit est voluptas. At sed dignissimos neque quo sed sed.','2023-06-27 17:03:19','2023-06-27 17:03:19',NULL),(81,47,1,469.00,'Rerum temporibus dolorem ipsa unde. Dolores doloribus vero sint vel eos deserunt qui dolores. Accusamus commodi consequatur qui aliquid. Saepe voluptatem blanditiis ut optio.','2023-06-27 17:03:19','2023-06-27 17:03:19',NULL),(82,47,1,451.00,'Et vero labore est voluptatibus rerum et temporibus. Delectus consectetur ut aut sequi id quod.','2023-06-27 17:03:19','2023-06-27 17:03:19',NULL),(83,8,1,454.00,'Fuga non ut pariatur autem asperiores ut. Culpa officiis maxime quo sed pariatur aliquid. Veniam eos dolor pariatur odio aliquid reprehenderit unde.','2023-06-27 17:03:19','2023-06-27 17:03:19',NULL),(84,36,1,170.00,'Quia et aperiam sed aliquid. Odio ad fuga libero. Maiores libero saepe sequi ex.','2023-06-27 17:03:19','2023-06-27 17:03:19',NULL),(85,43,1,426.00,'Dolores et qui est fuga. Debitis ipsa amet id eos. Amet asperiores temporibus voluptate doloribus quasi ea quia. Magni dolore et est ratione.','2023-06-27 17:03:19','2023-06-27 17:03:19',NULL),(86,44,1,107.00,'Officia quia debitis minima molestiae praesentium expedita. Reiciendis incidunt pariatur cumque voluptate cum earum. Earum ipsa est quasi repudiandae quo sit.','2023-06-27 17:03:19','2023-06-27 17:03:19',NULL),(87,24,1,156.00,'Vel ratione quod laboriosam quas. Pariatur et natus quibusdam aut maiores voluptates omnis harum. Omnis molestias nisi rem molestiae.','2023-06-27 17:03:19','2023-06-27 17:03:19',NULL),(88,43,1,192.00,'Quae dolores non aut dicta molestiae a doloribus est. Corrupti dolorem neque enim est et. Cum magni eos omnis accusamus qui nihil.','2023-06-27 17:03:19','2023-06-27 17:03:19',NULL),(89,34,1,344.00,'Eligendi perferendis qui sit quaerat. Eum in eligendi libero qui aut est. Autem ea id pariatur deserunt necessitatibus. Facere voluptates voluptas dolores.','2023-06-27 17:03:19','2023-06-27 17:03:19',NULL),(90,3,1,435.00,'Iusto incidunt tempore necessitatibus aliquam beatae id. Nesciunt ut id sint. Non magnam debitis itaque distinctio ipsa esse pariatur.','2023-06-27 17:03:19','2023-06-27 17:03:19',NULL),(91,22,1,191.00,'Vitae fugit ut quasi fugiat. Sit omnis dicta et saepe quibusdam. Sequi assumenda ratione aut mollitia qui enim et ipsam. Repellat ea odio corrupti.','2023-06-27 17:03:19','2023-06-27 17:03:19',NULL),(92,34,1,114.00,'Reiciendis voluptatem voluptas quisquam odit dolorem molestiae. Et non molestiae possimus culpa aspernatur ad ut. Eligendi porro et ut voluptate impedit quia.','2023-06-27 17:03:19','2023-06-27 17:03:19',NULL),(93,37,1,222.00,'Numquam et nesciunt voluptatum sit unde laboriosam. Tenetur et commodi excepturi labore blanditiis et.','2023-06-27 17:03:19','2023-06-27 17:03:19',NULL),(94,10,1,458.00,'Amet fugiat et vero alias ipsa quas. Ut veritatis aperiam veritatis voluptatem. In eaque ad aut dolor qui reprehenderit. Voluptatem fugiat temporibus tenetur rerum corrupti ullam.','2023-06-27 17:03:19','2023-06-27 17:03:19',NULL),(95,6,1,229.00,'Et earum velit et tempore. Quis ipsum iusto ut et ut.','2023-06-27 17:03:19','2023-06-27 17:03:19',NULL),(96,50,1,365.00,'Laborum nihil non ipsum et fuga reprehenderit. Qui aliquam sed animi omnis doloremque natus corrupti maiores. Aut labore qui porro maiores ipsam et commodi. Est optio eum eum aperiam accusamus.','2023-06-27 17:03:19','2023-06-27 17:03:19',NULL),(97,46,1,326.00,'Voluptatem quaerat dolorum dolorum in autem beatae et. Omnis dignissimos animi nisi recusandae et consequatur est. Provident quis dolor beatae doloremque.','2023-06-27 17:03:19','2023-06-27 17:03:19',NULL),(98,17,1,199.00,'Architecto necessitatibus iure est non enim dolor. Dolores et enim ut odit nihil ad.','2023-06-27 17:03:19','2023-06-27 17:03:19',NULL),(99,46,1,415.00,'Velit a quia dolore assumenda. Minima et perferendis dignissimos suscipit est commodi quidem.','2023-06-27 17:03:19','2023-06-27 17:03:19',NULL),(100,2,1,172.00,'Aut nisi voluptates quasi corrupti enim ea. Qui aperiam est laborum impedit ipsam rerum. Quisquam repudiandae voluptatibus quo sit.','2023-06-27 17:03:19','2023-06-27 17:03:19',NULL),(101,39,1,200.00,'Consequatur id quae odit. Error aliquid aut reprehenderit dolorem debitis et. Nulla repudiandae exercitationem reprehenderit dicta.','2023-06-27 17:04:06','2023-06-27 17:04:06',NULL),(102,16,1,473.00,'Sed accusamus dolorem consectetur et cum porro. Voluptatibus aliquam corporis nihil. Consectetur quas nihil fugit hic odio magnam reiciendis.','2023-06-27 17:04:06','2023-06-27 17:04:06',NULL),(103,41,1,171.00,'Temporibus dicta quas ipsam voluptas voluptatem aut. Exercitationem sed quia odit ea quaerat repellendus. Fuga neque aut nulla. Sed aliquid necessitatibus quibusdam nihil.','2023-06-27 17:04:06','2023-06-27 17:04:06',NULL),(104,10,1,437.00,'Est dignissimos expedita suscipit. Magni sit officiis vero necessitatibus. Velit id et consequatur accusamus ut optio non.','2023-06-27 17:04:06','2023-06-27 17:04:06',NULL),(105,30,1,68.00,'Ut nesciunt voluptates at dignissimos. Nihil eum sapiente id magni saepe voluptates ut voluptatum.','2023-06-27 17:04:06','2023-06-27 17:04:06',NULL),(106,48,1,101.00,'Nobis eos qui omnis. Numquam tenetur nostrum autem non. Atque nisi qui maxime aut ut animi nobis. Voluptas voluptatem provident enim corporis consequatur labore nisi in.','2023-06-27 17:04:06','2023-06-27 17:04:06',NULL),(107,45,1,92.00,'Occaecati qui labore numquam ea aut. Maiores blanditiis sed id quisquam porro illum quis. Illum placeat omnis omnis sint sit dolorem natus.','2023-06-27 17:04:06','2023-06-27 17:04:06',NULL),(108,15,1,188.00,'Eaque molestias perspiciatis perferendis qui quia. Nisi sit et in eum quis. Eaque est architecto quis quibusdam tenetur.','2023-06-27 17:04:06','2023-06-27 17:04:06',NULL),(109,12,1,417.00,'Rerum sint quaerat rem et et consectetur laudantium. Et hic quis amet non tempora. Ipsum ducimus voluptatum quas inventore laborum. Aut est sed debitis corporis ipsa quos.','2023-06-27 17:04:06','2023-06-27 17:04:06',NULL),(110,24,1,68.00,'Et voluptatibus neque eligendi unde accusantium. Eveniet animi architecto sequi excepturi perspiciatis ut. Et molestiae aut rem nulla deleniti aut eveniet.','2023-06-27 17:04:06','2023-06-27 17:04:06',NULL),(111,26,1,478.00,'Et laboriosam enim in asperiores voluptatem officia doloremque. Qui perspiciatis aut quod a tempora. Iusto et est cumque non veritatis similique odit. Est perspiciatis accusantium corporis quasi.','2023-06-27 17:04:06','2023-06-27 17:04:06',NULL),(112,48,1,160.00,'Culpa autem consectetur rerum. Adipisci impedit velit veritatis aut qui aut voluptatibus. Nam eligendi nam aliquid et beatae. Dolorum ea voluptates excepturi.','2023-06-27 17:04:06','2023-06-27 17:04:06',NULL),(113,42,1,94.00,'Porro non officiis maiores. Aspernatur et quis in vel. Voluptas veritatis possimus nam assumenda fugiat.','2023-06-27 17:04:06','2023-06-27 17:04:06',NULL),(114,35,1,323.00,'Qui totam eum eum autem et illum et. Sunt sequi modi impedit aut nam numquam. Qui quisquam architecto possimus.','2023-06-27 17:04:06','2023-06-27 17:04:06',NULL),(115,44,1,277.00,'Alias recusandae at sunt et. Rerum inventore in quidem exercitationem. Et eligendi odit repudiandae ut.','2023-06-27 17:04:06','2023-06-27 17:04:06',NULL),(116,13,1,421.00,'Non non aut quis exercitationem. Unde aut iure doloremque quia quia ut qui odio. Sequi consequatur dicta excepturi cupiditate ut deserunt.','2023-06-27 17:04:06','2023-06-27 17:04:06',NULL),(117,44,1,59.00,'Et et eveniet eius incidunt voluptatem. Ex quod architecto et ut molestiae beatae nemo magnam. Porro omnis molestiae quia iusto reprehenderit dolor vero. Unde sapiente quod culpa qui ut.','2023-06-27 17:04:06','2023-06-27 17:04:06',NULL),(118,36,1,153.00,'Exercitationem vel qui minima hic est. Illo eaque dignissimos aut dicta eveniet omnis ratione. Inventore in ut repellendus ratione. Accusamus cum aspernatur dicta vel sit.','2023-06-27 17:04:06','2023-06-27 17:04:06',NULL),(119,6,1,224.00,'Repellat officia quasi et reprehenderit corporis aliquam accusamus similique. Perferendis sequi rem porro nihil cum alias et. Dicta enim omnis at ab non repellat.','2023-06-27 17:04:06','2023-06-27 17:04:06',NULL),(120,44,1,474.00,'Quis qui libero voluptatibus veritatis esse. Qui est qui est unde exercitationem. Autem voluptates nihil eligendi rem error.','2023-06-27 17:04:06','2023-06-27 17:04:06',NULL),(121,2,1,311.00,'Voluptatem nobis commodi tenetur nisi repudiandae. Dolorem aliquam tempora deleniti. Aliquid et amet voluptas hic hic. Voluptatem repellendus culpa in non dolorem quidem a.','2023-06-27 17:04:06','2023-06-27 17:04:06',NULL),(122,5,1,403.00,'Explicabo impedit esse explicabo sed. Asperiores nihil magni facere in quas. Occaecati autem nostrum et est. Voluptate quae id placeat quasi quos.','2023-06-27 17:04:06','2023-06-27 17:04:06',NULL),(123,35,1,152.00,'Ullam laborum hic temporibus architecto rerum ut. Asperiores voluptatibus minus beatae qui nemo sapiente. Nulla quibusdam est molestias et aliquid. Distinctio ratione beatae fuga.','2023-06-27 17:04:06','2023-06-27 17:04:06',NULL),(124,37,1,215.00,'Omnis nihil voluptate voluptatem. Sit est rerum sint eos aliquam dolor. Sed inventore et et amet eveniet voluptatem sint.','2023-06-27 17:04:06','2023-06-27 17:04:06',NULL),(125,6,1,68.00,'Suscipit fuga ut placeat officia placeat. Est et amet quo vero repellendus soluta sequi.','2023-06-27 17:04:06','2023-06-27 17:04:06',NULL),(126,50,1,177.00,'Quasi est et architecto. Tempora ut a voluptates qui est at. Ea voluptate qui qui enim et nulla repudiandae.','2023-06-27 17:04:06','2023-06-27 17:04:06',NULL),(127,41,1,171.00,'Explicabo aspernatur id ducimus illo quisquam minima. Possimus eos facere unde ut. Aut aut voluptatem quo animi harum maiores. Vel qui sint laborum maxime autem nostrum cumque.','2023-06-27 17:04:06','2023-06-27 17:04:06',NULL),(128,30,1,46.00,'Et saepe commodi eos deleniti fuga ipsa ipsum rerum. Sunt nobis accusamus vel.','2023-06-27 17:04:06','2023-06-27 17:04:06',NULL),(129,34,1,386.00,'Doloribus illo molestiae numquam repellat. Voluptatem non commodi adipisci. Error eos quos quia totam sit doloremque.','2023-06-27 17:04:06','2023-06-27 17:04:06',NULL),(130,5,1,182.00,'Voluptas distinctio harum nihil deserunt aut aliquid. Eum qui ea quaerat consequatur.','2023-06-27 17:04:06','2023-06-27 17:04:06',NULL),(131,25,1,434.00,'Repudiandae possimus numquam rerum est. Est rerum accusamus eius non voluptatibus. Libero voluptatem voluptas aliquid aut ut sunt. Dolorem qui enim minus sed aut.','2023-06-27 17:04:06','2023-06-27 17:04:06',NULL),(132,4,1,442.00,'Magni voluptas placeat omnis. Beatae est mollitia itaque aut pariatur. Unde adipisci totam nihil sed.','2023-06-27 17:04:06','2023-06-27 17:04:06',NULL),(133,23,1,495.00,'Optio laudantium dolorem provident impedit aut. Aut dolor similique ea aut.','2023-06-27 17:04:06','2023-06-27 17:04:06',NULL),(134,34,1,241.00,'Consequatur vel sed est et. Odio eum omnis ut inventore fugiat. Sapiente molestiae praesentium ex a ut.','2023-06-27 17:04:06','2023-06-27 17:04:06',NULL),(135,33,1,423.00,'Maiores quaerat voluptas commodi esse ut quis possimus. Molestias explicabo quaerat vel quibusdam qui. Quis quia vel quis saepe dicta et ratione eaque. Sit est quod incidunt.','2023-06-27 17:04:06','2023-06-27 17:04:06',NULL),(136,35,1,160.00,'Deleniti eum molestias doloribus animi sed vel. Temporibus reiciendis asperiores culpa vel. Aut excepturi et inventore pariatur qui magnam temporibus. Cumque id soluta quia ut quo.','2023-06-27 17:04:06','2023-06-27 17:04:06',NULL),(137,33,1,276.00,'Qui vel consectetur molestiae voluptatibus ab. Harum nobis architecto molestiae quas qui sed. Quod voluptas quo ut mollitia minus. Dolorem iste itaque voluptas ipsam asperiores.','2023-06-27 17:04:06','2023-06-27 17:04:06',NULL),(138,7,1,318.00,'Rerum necessitatibus sequi et. Necessitatibus optio neque nam autem laboriosam esse. Non non eos officiis quam. Quasi quasi sit consectetur molestiae.','2023-06-27 17:04:06','2023-06-27 17:04:06',NULL),(139,23,1,351.00,'Laboriosam pariatur quis nemo quisquam voluptatem ut rerum. Necessitatibus est ab rerum sapiente eaque. Perspiciatis pariatur dolore dolor consequuntur.','2023-06-27 17:04:06','2023-06-27 17:04:06',NULL),(140,13,1,103.00,'Impedit omnis facilis minus nisi inventore id. Consequatur odio dignissimos illum molestiae tempore asperiores quo. Dolorum non ab et odit sint qui aut aut.','2023-06-27 17:04:06','2023-06-27 17:04:06',NULL),(141,26,1,257.00,'Enim molestiae fuga impedit blanditiis. Dignissimos quibusdam dolores quo molestias in itaque sed eum. Doloribus at illum in dignissimos asperiores dolores earum.','2023-06-27 17:04:06','2023-06-27 17:04:06',NULL),(142,2,1,490.00,'Et sed sint porro occaecati et. Est quae et praesentium optio. Voluptatem incidunt quae cumque id veritatis maiores officiis magni. Vel ratione rerum deleniti voluptas perferendis adipisci quo.','2023-06-27 17:04:06','2023-06-27 17:04:06',NULL),(143,40,1,140.00,'Earum vel assumenda autem ipsum. Molestias ut ut aperiam cum perspiciatis sed. Illo dolores numquam sapiente numquam.','2023-06-27 17:04:06','2023-06-27 17:04:06',NULL),(144,46,1,500.00,'Inventore rerum rerum architecto. Nam veniam dignissimos molestias enim. Accusantium eveniet iure rerum unde est.','2023-06-27 17:04:06','2023-06-27 17:04:06',NULL),(145,36,1,267.00,'Illum nihil aut id sed illo. Rerum fugit nostrum tenetur. Et ea porro aut. Saepe occaecati aspernatur omnis perspiciatis quasi dolorem.','2023-06-27 17:04:06','2023-06-27 17:04:06',NULL),(146,2,1,434.00,'Vel laboriosam quia blanditiis harum ipsum non. Optio numquam aut enim quam. Unde ipsam praesentium non et. Velit autem cumque quaerat ut nam et omnis.','2023-06-27 17:04:06','2023-06-27 17:04:06',NULL),(147,23,1,67.00,'Iure omnis dolor voluptatem et optio ad sit. Accusamus facere rerum facere voluptatem.','2023-06-27 17:04:06','2023-06-27 17:04:06',NULL),(148,23,1,410.00,'Magnam maiores omnis doloribus rem. Possimus eligendi doloremque numquam quaerat illum. Ullam et laudantium temporibus nemo recusandae repudiandae omnis nam. Doloribus ut aut et non ad.','2023-06-27 17:04:06','2023-06-27 17:04:06',NULL),(149,50,1,127.00,'Fuga ipsum quam quia deserunt quia rerum. Tenetur omnis numquam id perspiciatis sunt sint.','2023-06-27 17:04:06','2023-06-27 17:04:06',NULL),(150,17,1,264.00,'Qui perspiciatis aperiam quis et sed. Ullam sed aliquid saepe. Nulla similique est minus aut tempora. Atque quia ut aut qui omnis.','2023-06-27 17:04:06','2023-06-27 17:04:06',NULL),(151,37,1,36.00,'Aut voluptas autem quia minima laboriosam debitis occaecati. Voluptas sint cumque voluptatem aut repellat. Eveniet ut quod nobis sint tempore ab id.','2023-06-27 17:06:43','2023-06-27 17:06:43',NULL),(152,40,1,354.00,'Ut tenetur et omnis dolorem ipsum voluptatem facilis non. Voluptas autem id a maxime expedita.','2023-06-27 17:06:43','2023-06-27 17:06:43',NULL),(153,25,1,393.00,'Adipisci optio voluptates libero in voluptate. Illo modi et natus cupiditate facere. Non asperiores quod et culpa est nisi excepturi possimus.','2023-06-27 17:06:43','2023-06-27 17:06:43',NULL),(154,45,1,117.00,'Voluptates quibusdam ut quas architecto. Quo aspernatur cupiditate non voluptatem. Quia expedita eum id ex ut. Quas sed quod ea placeat.','2023-06-27 17:06:43','2023-06-27 17:06:43',NULL),(155,4,1,204.00,'Numquam ipsum quam nostrum dolorum corporis. Rerum sapiente culpa ut sit accusamus quia. Distinctio aut ducimus quis est voluptas fugiat culpa voluptates. Eum eaque deserunt amet numquam nulla alias.','2023-06-27 17:06:43','2023-06-27 17:06:43',NULL),(156,28,1,290.00,'Dolorem eveniet pariatur deserunt beatae rerum minima dicta tempore. Voluptas ut vero voluptatum eius commodi. Soluta vero incidunt consequuntur accusamus et illum numquam nobis.','2023-06-27 17:06:43','2023-06-27 17:06:43',NULL),(157,18,1,131.00,'Dolor natus dolorem in quia omnis rerum. Vel ratione excepturi minus aut. Labore totam et dolores. Minus ut sed cum ratione neque quas aut harum.','2023-06-27 17:06:43','2023-06-27 17:06:43',NULL),(158,14,1,108.00,'Perferendis totam itaque accusantium voluptatem maiores eum iure. Culpa saepe exercitationem sunt quasi quo. Maiores nihil voluptas quis eligendi non voluptate.','2023-06-27 17:06:43','2023-06-27 17:06:43',NULL),(159,4,1,422.00,'Rerum voluptate et qui ut earum corporis voluptas. Dolore qui soluta odit in est adipisci.','2023-06-27 17:06:43','2023-06-27 17:06:43',NULL),(160,19,1,99.00,'Qui rerum inventore voluptas ex ut. Cupiditate sequi consectetur sint doloremque corporis at dolore. Magnam ut aliquam dicta doloremque itaque laudantium.','2023-06-27 17:06:43','2023-06-27 17:06:43',NULL),(161,30,1,230.00,'Sunt consequatur minima ullam nisi consequatur. Fuga quo quia numquam quis quaerat et sit. Ut eius doloremque ab. Earum eligendi rem omnis minus dolorem odit sit.','2023-06-27 17:06:43','2023-06-27 17:06:43',NULL),(162,11,1,88.00,'Atque dolore id et ut molestiae facere. Nulla est omnis et itaque. Sint et quisquam ullam praesentium omnis omnis. In vel in in architecto.','2023-06-27 17:06:43','2023-06-27 17:06:43',NULL),(163,21,1,199.00,'Dolore necessitatibus nulla velit et totam. Atque quisquam et quaerat nisi placeat amet error. In harum expedita voluptatem hic deleniti.','2023-06-27 17:06:43','2023-06-27 17:06:43',NULL),(164,50,1,470.00,'Est vitae dolore fuga et quibusdam. Exercitationem eaque ipsam dolorem commodi minima. Corporis in dignissimos nobis amet est.','2023-06-27 17:06:43','2023-06-27 17:06:43',NULL),(165,31,1,464.00,'Eius soluta et molestiae quis sint molestias. Ab cumque qui libero quo. Nisi cumque quia ut esse exercitationem omnis. Illo nihil omnis mollitia assumenda.','2023-06-27 17:06:43','2023-06-27 17:06:43',NULL),(166,15,1,422.00,'Culpa molestiae laudantium repudiandae iure. Ea facilis et velit odio. Id vitae nobis perspiciatis non velit cupiditate id.','2023-06-27 17:06:43','2023-06-27 17:06:43',NULL),(167,13,1,328.00,'Quae est quis rem amet quia non qui. Nobis rerum et voluptas et ab libero non pariatur. Eligendi rerum dolore iusto sunt consectetur. Saepe voluptatibus facilis unde dolor.','2023-06-27 17:06:43','2023-06-27 17:06:43',NULL),(168,28,1,83.00,'Ea voluptates tempore molestiae ut. Esse repellendus voluptatum explicabo vel ullam mollitia. Eos placeat iusto voluptas qui laboriosam voluptatem. Omnis aut dolor voluptas rem esse sapiente dolorum.','2023-06-27 17:06:43','2023-06-27 17:06:43',NULL),(169,26,1,115.00,'Eum commodi sed rem autem. Laudantium mollitia aspernatur laudantium eum. Laborum nesciunt et perferendis sint. Numquam quasi recusandae labore.','2023-06-27 17:06:43','2023-06-27 17:06:43',NULL),(170,22,1,138.00,'Ex aut non autem et autem aut consequatur quo. Soluta numquam voluptas aspernatur enim. Unde tempore beatae fuga asperiores at minima. Est eum architecto enim cum non.','2023-06-27 17:06:43','2023-06-27 17:06:43',NULL),(171,32,1,452.00,'Omnis nam laborum numquam. Eos repellat reprehenderit blanditiis nulla. Blanditiis sunt aut quae voluptatem eveniet ut nulla.','2023-06-27 17:06:43','2023-06-27 17:06:43',NULL),(172,50,1,154.00,'Earum ut enim esse repellendus. Eum sit ratione incidunt dignissimos debitis. Id iste eius omnis in assumenda.','2023-06-27 17:06:43','2023-06-27 17:06:43',NULL),(173,3,1,470.00,'Qui voluptate vel nulla rerum iste quia omnis quo. Rerum odio ut maiores eos et tempora. Perferendis vel sed quam ut. Quos et incidunt sapiente est ad a recusandae.','2023-06-27 17:06:43','2023-06-27 17:06:43',NULL),(174,39,1,273.00,'Ullam et autem porro possimus blanditiis sit sint aut. Sequi qui est fuga tempora quam sed eligendi. Repudiandae quam dolorem facere dolore. Aut ratione voluptatem rerum explicabo corporis.','2023-06-27 17:06:43','2023-06-27 17:06:43',NULL),(175,35,1,170.00,'Vel iste velit dolorem quis doloribus. Consequatur voluptas cum harum quia quia sit. Sed magnam harum dolorum occaecati.','2023-06-27 17:06:43','2023-06-27 17:06:43',NULL),(176,19,1,26.00,'Sint officia et quia. Architecto officia ea et cupiditate quia id tempore. Deleniti ut mollitia pariatur dolor ut eaque. Corrupti architecto ducimus mollitia quis ullam hic.','2023-06-27 17:06:43','2023-06-27 17:06:43',NULL),(177,9,1,150.00,'Ea nobis recusandae tempora ut. Sed ratione quibusdam molestiae aut. Aut aliquid facere et maiores consequatur. Qui rerum consequatur repudiandae alias non eos aperiam. Et iste id magnam labore.','2023-06-27 17:06:43','2023-06-27 17:06:43',NULL),(178,19,1,45.00,'Excepturi nulla omnis ut et autem. Atque quam delectus reiciendis est ea numquam. Eum eum eum sit sunt. Distinctio cum doloremque possimus deserunt.','2023-06-27 17:06:43','2023-06-27 17:06:43',NULL),(179,40,1,382.00,'Voluptatem ea in quisquam similique qui vel assumenda. Placeat sit consequatur dolores est. Dolorum eum consequatur sint iure non est ea cumque. Facere qui quo distinctio est ducimus.','2023-06-27 17:06:43','2023-06-27 17:06:43',NULL),(180,10,1,449.00,'Iure ipsum corrupti consequatur. Doloremque sed in quis esse id facere. Beatae perferendis numquam fuga. Voluptatum ea est labore.','2023-06-27 17:06:43','2023-06-27 17:06:43',NULL),(181,50,1,398.00,'Illo et sit itaque nihil aut mollitia. Et eaque quis et voluptas iure. Nulla et quam dolor. Molestias quam rerum recusandae iure laborum quo.','2023-06-27 17:06:43','2023-06-27 17:06:43',NULL),(182,3,1,54.00,'Accusantium id sed quam nisi error eos delectus. Eum tenetur voluptas consequuntur et quam.','2023-06-27 17:06:43','2023-06-27 17:06:43',NULL),(183,46,1,468.00,'Voluptatem deserunt perspiciatis delectus labore. Numquam enim sed distinctio. Deserunt dolorem dolor provident sed. Asperiores soluta rerum enim omnis ut.','2023-06-27 17:06:43','2023-06-27 17:06:43',NULL),(184,41,1,356.00,'Deserunt tempore pariatur incidunt veniam et voluptatem. Tempore ipsum non quam quibusdam id enim accusamus pariatur. Ipsum eligendi suscipit suscipit.','2023-06-27 17:06:43','2023-06-27 17:06:43',NULL),(185,35,1,442.00,'Saepe a voluptatem consequatur earum ratione inventore autem. Necessitatibus eveniet tempora minus laudantium. Voluptatem necessitatibus inventore eum hic impedit.','2023-06-27 17:06:43','2023-06-27 17:06:43',NULL),(186,12,1,194.00,'Omnis cupiditate aut dolorem aliquam occaecati ullam quo. Ut in sed laborum nesciunt. Quidem ipsum asperiores ipsum quidem ut. Et aperiam tempore quos sed impedit. Libero aut optio modi unde.','2023-06-27 17:06:43','2023-06-27 17:06:43',NULL),(187,25,1,115.00,'Labore ullam odit inventore architecto officiis tenetur. Ea voluptatem iure nam. Illo beatae eveniet quisquam fuga ut voluptatem.','2023-06-27 17:06:43','2023-06-27 17:06:43',NULL),(188,27,1,365.00,'Non unde ipsum quis. Eaque velit aut nobis placeat officia tenetur. Iusto deleniti doloremque molestias libero repellendus perferendis.','2023-06-27 17:06:43','2023-06-27 17:06:43',NULL),(189,37,1,186.00,'Voluptatem minus aut accusamus harum corrupti cumque rerum. Quia ab officiis dolore minus impedit voluptates quis.','2023-06-27 17:06:43','2023-06-27 17:06:43',NULL),(190,30,1,395.00,'Non perspiciatis aperiam sit quis eligendi aut ut nam. Neque vero consectetur debitis qui non quae ut. Eaque impedit aut ab qui dolor totam. Doloribus sapiente nulla vel.','2023-06-27 17:06:43','2023-06-27 17:06:43',NULL),(191,43,1,346.00,'Occaecati est temporibus sunt alias iste. Repellat aliquid similique corporis cupiditate omnis dignissimos placeat. Similique aliquid perferendis voluptatem suscipit velit qui.','2023-06-27 17:06:43','2023-06-27 17:06:43',NULL),(192,20,1,346.00,'Voluptatum sed nihil et magnam numquam temporibus adipisci saepe. Ut dolorem molestiae porro voluptatem assumenda dolore illo. Fugiat fugit eveniet et rerum nostrum error quod.','2023-06-27 17:06:43','2023-06-27 17:06:43',NULL),(193,14,1,227.00,'Alias consequatur veniam occaecati. Et minima voluptas possimus perferendis architecto perspiciatis. Voluptas maxime ducimus omnis accusamus non perferendis.','2023-06-27 17:06:43','2023-06-27 17:06:43',NULL),(194,38,1,250.00,'Esse ea dolores est dicta explicabo aut eligendi. Animi at error cum reiciendis eius quo repellendus. Dolores sint est voluptates soluta.','2023-06-27 17:06:43','2023-06-27 17:06:43',NULL),(195,37,1,201.00,'Est assumenda officiis ab qui. Aperiam blanditiis aut perferendis. Corporis ex ab eos sint omnis beatae voluptatum ab. Non placeat ipsam repellendus quam sed consequatur.','2023-06-27 17:06:43','2023-06-27 17:06:43',NULL),(196,3,1,249.00,'Error ut atque facilis vel quia. Harum ut molestiae odio quis ipsum fuga. Iure sed ut delectus sunt eligendi recusandae possimus. Ipsa dolorem autem qui culpa quia animi.','2023-06-27 17:06:43','2023-06-27 17:06:43',NULL),(197,21,1,446.00,'Non ea quo dolores vero. Aut ipsum voluptas repudiandae neque dicta ut. Sit harum ea sit adipisci quia. Amet aut placeat dolorem ipsum.','2023-06-27 17:06:43','2023-06-27 17:06:43',NULL),(198,7,1,466.00,'Voluptatem magnam et harum veritatis quam deleniti in. Sit in molestias quia aut iusto.','2023-06-27 17:06:43','2023-06-27 17:06:43',NULL),(199,17,1,150.00,'Eos atque animi excepturi cum similique. Ea qui incidunt molestiae magnam omnis quia. Tempora accusantium expedita aut non provident voluptate quam. Dolores odio debitis nam quidem id sapiente.','2023-06-27 17:06:43','2023-06-27 17:06:43',NULL),(200,50,1,358.00,'Magni eos possimus velit ex corporis aut. Rem sit enim excepturi. Possimus voluptas accusantium consequuntur voluptate ad quia voluptas. Consequatur illum suscipit debitis aliquam voluptas aperiam.','2023-06-27 17:06:43','2023-06-27 17:06:43',NULL),(201,19,1,152.00,'Voluptatem perspiciatis commodi atque. Consequuntur nihil eos nam itaque doloribus quia. Officiis nulla optio eaque.','2023-06-27 17:07:17','2023-06-27 17:07:17',NULL),(202,28,1,343.00,'Quo ducimus unde itaque eligendi numquam distinctio. Facere aliquid qui minima voluptate. Quis enim accusantium quisquam dolores. Nostrum facere est ipsum architecto et minima.','2023-06-27 17:07:17','2023-06-27 17:07:17',NULL),(203,23,1,73.00,'Porro corporis enim recusandae officiis possimus voluptatem quo. Non nam ipsa unde recusandae officiis officiis aut. Enim porro deserunt eum voluptatem dicta nesciunt.','2023-06-27 17:07:17','2023-06-27 17:07:17',NULL),(204,1,1,87.00,'Fugiat unde eos et. Quos provident odit id.','2023-06-27 17:07:17','2023-06-27 17:07:17',NULL),(205,42,1,442.00,'Enim deserunt corrupti eligendi autem voluptatem consequatur animi. Officia sit assumenda autem provident explicabo tempora voluptate quia. Asperiores ad ut harum consequuntur quis qui.','2023-06-27 17:07:17','2023-06-27 17:07:17',NULL),(206,2,1,373.00,'Magnam nisi alias nemo est et quia recusandae. Non sit non quibusdam accusantium. Commodi et consequatur et aut eum maiores quas rem. Dolore iure libero doloremque expedita quis voluptatem dolorum.','2023-06-27 17:07:17','2023-06-27 17:07:17',NULL),(207,4,1,363.00,'Aliquam omnis esse tempora qui eum. Quas et eum ut soluta. Quibusdam nostrum earum nesciunt labore.','2023-06-27 17:07:17','2023-06-27 17:07:17',NULL),(208,13,1,29.00,'Vel sit est ut sunt ea dolores ab. Dolor quia fuga et laudantium dolore quis.','2023-06-27 17:07:17','2023-06-27 17:07:17',NULL),(209,23,1,331.00,'Debitis deserunt dolores necessitatibus. Quis est et autem perferendis aut omnis. Rerum eligendi similique eos aut eos. Molestiae possimus veritatis quibusdam quas quis quisquam.','2023-06-27 17:07:17','2023-06-27 17:07:17',NULL),(210,3,1,445.00,'Laborum neque vel quasi optio quia optio inventore explicabo. Quibusdam id maiores error temporibus. Est saepe rerum suscipit alias est. Corrupti aut sequi esse quia.','2023-06-27 17:07:17','2023-06-27 17:07:17',NULL),(211,9,1,478.00,'Id ex aliquid ipsa est quia enim ut. Ut ut sed id beatae veritatis est sunt. Dignissimos non et sequi ad molestias dolorem.','2023-06-27 17:07:17','2023-06-27 17:07:17',NULL),(212,2,1,242.00,'Omnis ullam et ut mollitia laborum necessitatibus necessitatibus. Qui quasi asperiores consectetur voluptate debitis dolor eum.','2023-06-27 17:07:17','2023-06-27 17:07:17',NULL),(213,32,1,332.00,'Ut fugiat veniam enim. Blanditiis pariatur enim omnis eos. Accusamus qui repellendus aut qui. Ut sed rem impedit vel.','2023-06-27 17:07:17','2023-06-27 17:07:17',NULL),(214,37,1,493.00,'Repellat in et qui at. Aut impedit ex voluptatem. Ducimus ipsam consequatur voluptatem ratione nam voluptatum quaerat.','2023-06-27 17:07:17','2023-06-27 17:07:17',NULL),(215,11,1,348.00,'Harum temporibus qui numquam omnis qui veniam et et. Libero reiciendis magnam possimus sed rerum tenetur.','2023-06-27 17:07:17','2023-06-27 17:07:17',NULL),(216,35,1,462.00,'Maiores hic maxime voluptatibus est. Libero ut non consectetur. Quis qui consequuntur sit consequatur est harum. Autem dolorem tenetur saepe sint minus.','2023-06-27 17:07:17','2023-06-27 17:07:17',NULL),(217,7,1,219.00,'Qui saepe aut laboriosam eligendi dolor accusantium repudiandae. Dolores quas numquam et iste facere. Maxime quibusdam expedita sapiente iste et consequatur. Provident ut et ullam quod velit et.','2023-06-27 17:07:17','2023-06-27 17:07:17',NULL),(218,39,1,305.00,'Quisquam ut blanditiis cum atque praesentium. Eveniet eum incidunt debitis incidunt tempore. Atque et nisi numquam consequuntur sunt. Inventore est distinctio iste earum odio nihil magnam saepe.','2023-06-27 17:07:17','2023-06-27 17:07:17',NULL),(219,45,1,146.00,'Nobis incidunt atque quia quaerat. Eius porro impedit nihil omnis in sapiente pariatur non. Eos exercitationem officiis nostrum quod officiis dolorem maxime.','2023-06-27 17:07:17','2023-06-27 17:07:17',NULL),(220,27,1,486.00,'Quisquam omnis tempora vel temporibus quasi vel rerum. Sunt qui corrupti neque quod numquam sunt. Cumque fuga nam quam nam perferendis temporibus voluptatum voluptatem.','2023-06-27 17:07:17','2023-06-27 17:07:17',NULL),(221,28,1,132.00,'At porro pariatur et aut officia. Soluta quas doloremque ea ut dolore praesentium voluptatem. Ad provident porro repudiandae qui. Quia ab rem facilis saepe deleniti exercitationem explicabo.','2023-06-27 17:07:17','2023-06-27 17:07:17',NULL),(222,46,1,254.00,'Dolorem veniam aut qui qui sapiente quae qui. Et aut omnis nihil. Dolorem culpa tenetur sit sapiente.','2023-06-27 17:07:17','2023-06-27 17:07:17',NULL),(223,4,1,417.00,'Non inventore deleniti nulla. Quis velit eaque porro eum sint rerum. Vel minima provident aspernatur id adipisci quo ut. Deleniti fugit vel eveniet beatae et. Doloremque quia fugit quis est eligendi.','2023-06-27 17:07:17','2023-06-27 17:07:17',NULL),(224,31,1,359.00,'Deleniti earum sint doloribus voluptas. Voluptate eveniet ab nihil. Aliquam ab eos alias qui autem suscipit sunt. Ad ut ipsam dolorem error sit odit repellat. Asperiores beatae corrupti nam vel.','2023-06-27 17:07:17','2023-06-27 17:07:17',NULL),(225,24,1,354.00,'Ad voluptatem tempore nam magnam ipsum atque. In et possimus autem qui temporibus qui. Quis quis enim tempora magni dicta. Neque incidunt laboriosam qui consequatur ea.','2023-06-27 17:07:17','2023-06-27 17:07:17',NULL),(226,36,1,231.00,'Rerum ut autem soluta rem et autem sit. Amet eum ut laudantium accusantium dolorum. Quia aut perspiciatis porro voluptas sed dolorem debitis.','2023-06-27 17:07:17','2023-06-27 17:07:17',NULL),(227,46,1,83.00,'Dolores corporis id ad. Tempore rerum quia ut.','2023-06-27 17:07:17','2023-06-27 17:07:17',NULL),(228,42,1,388.00,'Ut incidunt ducimus repellendus quis laboriosam dolorem tempore. Porro non numquam et et autem ut. Et et est placeat perspiciatis.','2023-06-27 17:07:17','2023-06-27 17:07:17',NULL),(229,41,1,416.00,'Qui dolores fugiat quo quas quia ut ea. Ut ipsam dolorum ut quis incidunt nisi. Ducimus sed incidunt aut ut similique eum iste.','2023-06-27 17:07:17','2023-06-27 17:07:17',NULL),(230,5,1,121.00,'Nihil natus fugit consequuntur quia ut velit nostrum. Ea sed sunt amet perferendis labore. Quia a aliquam error commodi ut. Sint in assumenda dolore nostrum.','2023-06-27 17:07:17','2023-06-27 17:07:17',NULL),(231,26,1,186.00,'Labore nihil alias aliquid at illum id natus. Vitae beatae inventore eum accusantium eum aut cumque. Sint iste saepe illo aut voluptas occaecati. Provident est repudiandae itaque et illum eaque.','2023-06-27 17:07:17','2023-06-27 17:07:17',NULL),(232,25,1,221.00,'Architecto molestiae dolore nesciunt soluta sapiente ullam placeat. Enim fugiat totam quam culpa excepturi. Neque est facere tempore. Dolor amet consequatur necessitatibus voluptas sit.','2023-06-27 17:07:17','2023-06-27 17:07:17',NULL),(233,43,1,22.00,'Aut voluptatem nam rem tempore. At atque voluptas a non ea provident odit. Sequi et id quidem. Autem ipsa voluptatem sed nihil magnam ut illum.','2023-06-27 17:07:17','2023-06-27 17:07:17',NULL),(234,31,1,393.00,'Eos aut ut non non. Voluptatum repudiandae eum deleniti totam. Velit dolorum ipsam commodi tempore quam.','2023-06-27 17:07:17','2023-06-27 17:07:17',NULL),(235,31,1,492.00,'Et ut nostrum nobis animi. Dignissimos maiores ratione vitae voluptas placeat eos quaerat. Totam dolorem est aliquam aut saepe.','2023-06-27 17:07:17','2023-06-27 17:07:17',NULL),(236,12,1,136.00,'Omnis temporibus deserunt consequatur aut ea repellat. Laborum sapiente qui nulla esse ea. Dolore consequatur alias eos unde corporis et.','2023-06-27 17:07:17','2023-06-27 17:07:17',NULL),(237,42,1,136.00,'Molestiae iste sint mollitia ab eos quibusdam dolores voluptas. Optio doloribus aperiam pariatur minus placeat nobis. Dolorem consequatur nihil provident illum recusandae incidunt quasi.','2023-06-27 17:07:17','2023-06-27 17:07:17',NULL),(238,46,1,478.00,'Numquam nihil fuga velit tenetur. Facilis ea consectetur cumque id. Necessitatibus dolores sunt labore.','2023-06-27 17:07:17','2023-06-27 17:07:17',NULL),(239,27,1,49.00,'Sed quia qui culpa voluptatem accusantium. Quia voluptatem error reprehenderit animi minima aut et dolorem. Atque dolore aut qui qui illum.','2023-06-27 17:07:17','2023-06-27 17:07:17',NULL),(240,48,1,271.00,'Nesciunt dolorem asperiores consequuntur nemo. Possimus error sint fugit itaque. Doloremque assumenda rem sequi eos ratione. Aut et ut ut.','2023-06-27 17:07:17','2023-06-27 17:07:17',NULL),(241,29,1,277.00,'Quia consequatur deleniti ut velit at facere inventore. Tempora porro est omnis unde. Repudiandae officiis ipsa quo. Quia dolorem fuga dolorem non earum dolore.','2023-06-27 17:07:17','2023-06-27 17:07:17',NULL),(242,31,1,488.00,'Sunt quasi ullam harum. Placeat nesciunt necessitatibus et. Magnam dolores blanditiis quod voluptas ex aut. Natus rerum et odit illo quia qui. Et aut deleniti et ab aliquam.','2023-06-27 17:07:17','2023-06-27 17:07:17',NULL),(243,23,1,64.00,'Nihil facilis vel enim sint. Nisi debitis est nihil labore. Facilis doloremque temporibus perspiciatis rerum quia. Quia voluptas illum doloremque magni est.','2023-06-27 17:07:17','2023-06-27 17:07:17',NULL),(244,41,1,451.00,'Saepe hic rem ad reprehenderit. Quibusdam natus odit repudiandae veritatis sit reprehenderit sequi. Earum aut est cum asperiores sit cum et. Hic voluptas fuga ducimus et architecto accusamus.','2023-06-27 17:07:17','2023-06-27 17:07:17',NULL),(245,28,1,426.00,'Facilis suscipit doloribus eos iusto excepturi. Aut cupiditate et minus autem fuga dolor eum veritatis. Recusandae maiores non necessitatibus voluptatem a et.','2023-06-27 17:07:17','2023-06-27 17:07:17',NULL),(246,44,1,401.00,'Illo eius sint qui non. Natus fuga tempora assumenda quia est sint et. Rerum magnam dicta officia sit. Non dolore assumenda odio alias similique sit veritatis.','2023-06-27 17:07:17','2023-06-27 17:07:17',NULL),(247,33,1,115.00,'Aut et molestiae eum quidem laboriosam at. Aperiam corrupti ullam et ad ut qui. Et hic beatae voluptatem vel. Autem voluptatem sequi eum eos unde.','2023-06-27 17:07:17','2023-06-27 17:07:17',NULL),(248,25,1,117.00,'Autem officiis architecto reiciendis ea tempora. Debitis nemo omnis amet deserunt. Earum fugit quia qui veniam. Veniam sit at quia doloremque autem delectus atque.','2023-06-27 17:07:17','2023-06-27 17:07:17',NULL),(249,2,1,185.00,'Corrupti et laboriosam nostrum iste quis. Et quis est est. Officiis odit veniam facilis. Qui neque id voluptatem voluptas.','2023-06-27 17:07:17','2023-06-27 17:07:17',NULL),(250,18,1,401.00,'Est ratione consectetur a accusamus numquam. Sapiente ut molestiae sit aut sed impedit animi. Est cupiditate voluptas expedita enim voluptatem ducimus aliquam dolorem.','2023-06-27 17:07:17','2023-06-27 17:07:17',NULL),(251,17,1,208.00,'Tempore vitae et autem incidunt. Sunt in ducimus eum quod non consectetur. Nulla esse veritatis ipsum voluptatem esse qui. Aut atque vel minima.','2023-06-27 17:08:13','2023-06-27 17:08:13',NULL),(252,18,1,322.00,'Eius occaecati ad excepturi. Velit earum aut quisquam pariatur et labore sed ratione. Et ducimus esse dolorem sequi est.','2023-06-27 17:08:13','2023-06-27 17:08:13',NULL),(253,4,1,13.00,'Ut quisquam expedita laboriosam qui. Recusandae illum at eos quibusdam autem. Qui omnis qui quos reiciendis ut cupiditate. Enim beatae sint error.','2023-06-27 17:08:13','2023-06-27 17:08:13',NULL),(254,22,1,410.00,'Autem eos voluptatibus consequatur voluptates dolore est. Minus ipsam sed rerum ab molestias aliquam.','2023-06-27 17:08:13','2023-06-27 17:08:13',NULL),(255,22,1,148.00,'Dolorum maiores quaerat in distinctio qui nesciunt alias. Eius quam iure voluptatem. Nemo ipsa tempore nihil esse quidem nemo architecto.','2023-06-27 17:08:13','2023-06-27 17:08:13',NULL),(256,22,1,76.00,'Pariatur libero vitae sit sequi. Provident vitae ad nesciunt molestiae. Non et exercitationem sed dolorem consequatur totam.','2023-06-27 17:08:13','2023-06-27 17:08:13',NULL),(257,43,1,442.00,'Consequatur totam magni aut. Quia pariatur alias perspiciatis animi rerum. Dolor sit et dolorum harum repudiandae est qui. Numquam aliquid corrupti in qui nihil quo.','2023-06-27 17:08:13','2023-06-27 17:08:13',NULL),(258,13,1,224.00,'Fugiat nostrum temporibus accusantium qui doloremque voluptas sit. Harum odit sunt similique reprehenderit quia. Deserunt repellendus dolore consectetur consequatur a.','2023-06-27 17:08:13','2023-06-27 17:08:13',NULL),(259,38,1,13.00,'Est dolorem cumque aut architecto fugit ut veniam vitae. Exercitationem sit nobis omnis enim aut. Aliquam tempore eligendi libero id rem nostrum consequatur ex.','2023-06-27 17:08:13','2023-06-27 17:08:13',NULL),(260,36,1,467.00,'Enim voluptas rerum ut. Excepturi esse nulla odit est ut eaque cum est. Et aut quia ipsum eum ea ut dolor.','2023-06-27 17:08:13','2023-06-27 17:08:13',NULL),(261,44,1,324.00,'Ullam ad impedit incidunt. Non exercitationem ut blanditiis repudiandae et autem. Perferendis repellat quia officiis.','2023-06-27 17:08:13','2023-06-27 17:08:13',NULL),(262,37,1,327.00,'Fugit similique vel cum facere nisi officia. Placeat sapiente est saepe facilis et sint. Soluta dolores aliquid numquam possimus et aliquid possimus. Fuga enim et facilis beatae natus vel.','2023-06-27 17:08:13','2023-06-27 17:08:13',NULL),(263,7,1,49.00,'Vitae et et dignissimos nam. Quaerat sed qui necessitatibus sint et ut. Perspiciatis eius rerum qui sint iusto et facilis.','2023-06-27 17:08:13','2023-06-27 17:08:13',NULL),(264,27,1,219.00,'Perferendis debitis est quo repellendus voluptas. Sequi molestias asperiores impedit unde porro nam sed. Corporis voluptas eius et delectus laudantium sed.','2023-06-27 17:08:13','2023-06-27 17:08:13',NULL),(265,14,1,137.00,'Occaecati sequi accusamus dignissimos eum. Error quo exercitationem sequi qui veritatis aliquam. Eaque ducimus id iure quia.','2023-06-27 17:08:13','2023-06-27 17:08:13',NULL),(266,34,1,455.00,'Quos atque cumque vitae similique corporis. Aliquam dolorem est repudiandae hic aliquid. Quaerat ea qui quia ut delectus sunt. Repudiandae iste adipisci cupiditate eum veniam.','2023-06-27 17:08:13','2023-06-27 17:08:13',NULL),(267,14,1,186.00,'Earum laboriosam at autem quae voluptates a. Optio totam officiis et assumenda quas asperiores ut. Aut voluptatem qui dolores fugit earum.','2023-06-27 17:08:13','2023-06-27 17:08:13',NULL),(268,24,1,490.00,'Ut consequatur ullam sed aut eius numquam est. Officia excepturi reprehenderit molestiae temporibus soluta.','2023-06-27 17:08:13','2023-06-27 17:08:13',NULL),(269,45,1,330.00,'Odit temporibus eius officia natus eos. Dolor quia voluptatibus et sunt ut veniam culpa. Illum doloribus et accusantium laudantium iste quaerat est. Unde eum saepe est blanditiis velit hic.','2023-06-27 17:08:13','2023-06-27 17:08:13',NULL),(270,44,1,368.00,'Sit voluptatibus cumque voluptatibus voluptatem. Praesentium cupiditate et consectetur sed. Et suscipit ut quod et facere. Similique itaque a nemo.','2023-06-27 17:08:13','2023-06-27 17:08:13',NULL),(271,10,1,482.00,'Ut voluptates repellendus sunt. Et delectus qui harum aut tempore odit quisquam. Voluptates aperiam sit qui sit. Ut pariatur dolorem tempore ipsam corporis.','2023-06-27 17:08:13','2023-06-27 17:08:13',NULL),(272,35,1,152.00,'Nihil perferendis provident voluptatem alias ut. Doloribus qui facilis et enim. Et dolorem id autem est cupiditate voluptates. Maiores praesentium pariatur nulla distinctio.','2023-06-27 17:08:13','2023-06-27 17:08:13',NULL),(273,22,1,442.00,'Et dolor molestiae qui et. Et veritatis deleniti maxime quibusdam nulla ipsam. Explicabo est omnis ipsa aut.','2023-06-27 17:08:13','2023-06-27 17:08:13',NULL),(274,45,1,31.00,'Tempore ea delectus nemo consequatur. Optio non consequatur voluptates et. Vero inventore ea voluptatem sit expedita eum sint.','2023-06-27 17:08:13','2023-06-27 17:08:13',NULL),(275,6,1,94.00,'Dolore natus dolor quos possimus ab corporis. Sed autem ut repellat vel quidem. Numquam aut architecto iste.','2023-06-27 17:08:13','2023-06-27 17:08:13',NULL),(276,28,1,167.00,'Voluptatem non ullam qui qui non aspernatur ea. Et odit sequi vitae voluptatum voluptatibus.','2023-06-27 17:08:13','2023-06-27 17:08:13',NULL),(277,5,1,58.00,'Et odit magni harum provident sed vitae omnis. Nulla aut minus voluptas harum vero ipsa autem. Vel consequatur necessitatibus non dolorem ex. Facere voluptatem earum ad vitae.','2023-06-27 17:08:13','2023-06-27 17:08:13',NULL),(278,14,1,39.00,'Velit vitae blanditiis ut sed amet ab voluptate. Quia fugit praesentium officia velit sit ut et. Ratione molestiae qui eum est perferendis pariatur rem. Ea voluptate est nobis dolore ut sit.','2023-06-27 17:08:13','2023-06-27 17:08:13',NULL),(279,16,1,297.00,'Vel incidunt quae quisquam rerum quod. Minima nostrum asperiores ipsam incidunt quas occaecati. Et modi sit cumque ut quam. Assumenda a est ut aspernatur culpa tempora placeat.','2023-06-27 17:08:13','2023-06-27 17:08:13',NULL),(280,12,1,447.00,'Dolorem ea placeat rerum autem aliquam qui dolor. Adipisci porro officiis molestiae dolorum vel iste.','2023-06-27 17:08:13','2023-06-27 17:08:13',NULL),(281,35,1,408.00,'Sed aliquid esse voluptas modi. Non dolorum fuga est ut nemo qui quibusdam. Minima officia ea laboriosam quas consequatur non eius. Voluptatem quasi voluptas modi aut cumque vel autem.','2023-06-27 17:08:13','2023-06-27 17:08:13',NULL),(282,3,1,233.00,'Vitae dicta quia nisi magnam. Atque quisquam ut excepturi vero voluptatum. Velit voluptatem nihil qui consequuntur. Aspernatur sequi fuga a quibusdam rerum.','2023-06-27 17:08:13','2023-06-27 17:08:13',NULL),(283,19,1,383.00,'Qui laboriosam dolore iure nesciunt ipsam necessitatibus. Repudiandae illo sequi assumenda ipsa eius unde. Nam aspernatur illum eum nostrum est.','2023-06-27 17:08:13','2023-06-27 17:08:13',NULL),(284,19,1,318.00,'Dolor quod eos libero ipsam. Earum et dolorem nemo mollitia aut ab quod. Iure quo excepturi ut perferendis expedita. Aut voluptates quidem voluptates sed laudantium.','2023-06-27 17:08:13','2023-06-27 17:08:13',NULL),(285,28,1,331.00,'Voluptatibus eum repellat reiciendis sed qui dolorem. Omnis recusandae consequatur veritatis perspiciatis. Nobis porro itaque nam amet eos.','2023-06-27 17:08:13','2023-06-27 17:08:13',NULL),(286,27,1,10.00,'Consectetur eaque quas modi sit ex temporibus sunt id. Aspernatur animi non voluptas non voluptate eum occaecati. Dolor occaecati commodi et et quaerat omnis ab. Officiis omnis iste recusandae enim.','2023-06-27 17:08:13','2023-06-27 17:08:13',NULL),(287,18,1,267.00,'Modi sit in animi id inventore. Similique et consequatur reiciendis omnis velit porro laudantium quasi. Eius velit dolor qui ipsam earum. Aut voluptatem laudantium sed placeat fuga.','2023-06-27 17:08:13','2023-06-27 17:08:13',NULL),(288,8,1,315.00,'Et amet maiores minima alias cupiditate omnis odit sed. Nostrum aliquam qui beatae maiores. Voluptate velit tenetur rerum eaque dolor praesentium. Dolorem labore quo pariatur quia velit.','2023-06-27 17:08:13','2023-06-27 17:08:13',NULL),(289,33,1,114.00,'Voluptas labore corrupti aut. Dolores aliquid suscipit rem aut placeat. Magnam et amet voluptates impedit est.','2023-06-27 17:08:13','2023-06-27 17:08:13',NULL),(290,9,1,40.00,'Aut aut atque qui perspiciatis. Illo qui aliquam et. Dignissimos eos eum voluptas et vero qui aspernatur. Consequatur architecto quis rem.','2023-06-27 17:08:13','2023-06-27 17:08:13',NULL),(291,1,1,404.00,'Sit facilis architecto rerum distinctio. Sed accusamus mollitia et voluptas fugiat qui. Omnis dolorem similique labore nam commodi. Enim repudiandae quas iste illo.','2023-06-27 17:08:13','2023-06-27 17:08:13',NULL),(292,11,1,212.00,'Voluptas velit eum dolorem. Necessitatibus repellendus illum cum nam ut temporibus enim.','2023-06-27 17:08:13','2023-06-27 17:08:13',NULL),(293,27,1,259.00,'Esse cum sint consequatur alias. Non molestias veritatis eveniet in eum quidem. Est vitae ut quia et voluptate amet adipisci.','2023-06-27 17:08:13','2023-06-27 17:08:13',NULL),(294,42,1,172.00,'Voluptas magnam nobis quis sunt. In laboriosam dicta ullam corrupti. Et omnis illum excepturi vero.','2023-06-27 17:08:13','2023-06-27 17:08:13',NULL),(295,31,1,217.00,'Vel in ratione amet rem. Dolor tempore dolorum sit veniam deleniti quia molestias.','2023-06-27 17:08:13','2023-06-27 17:08:13',NULL),(296,41,1,260.00,'Explicabo quam aut voluptates dignissimos. Eveniet est quibusdam suscipit velit. Temporibus enim eum ut odit explicabo consequatur. Voluptatibus dicta harum adipisci ipsa quaerat quos omnis quod.','2023-06-27 17:08:13','2023-06-27 17:08:13',NULL),(297,16,1,141.00,'Optio molestiae sequi quo. Porro accusantium voluptatem expedita repellat. Distinctio tempore perspiciatis dolor.','2023-06-27 17:08:13','2023-06-27 17:08:13',NULL),(298,45,1,238.00,'Quia consectetur nam commodi rerum recusandae amet rerum sit. Voluptatum vel dolor ab mollitia. Commodi deleniti aut rerum officiis odit. Omnis cupiditate ea dolores quia ea deleniti in.','2023-06-27 17:08:13','2023-06-27 17:08:13',NULL),(299,34,1,466.00,'Voluptatibus aliquam recusandae non nihil provident. Rerum nulla assumenda nisi mollitia natus. Aperiam aut sed quae voluptate quo dolorum veniam.','2023-06-27 17:08:13','2023-06-27 17:08:13',NULL),(300,32,1,496.00,'Adipisci eum fugit qui sed voluptatem rerum non. Omnis deserunt quibusdam aperiam quae sunt quisquam. Quidem similique ipsa consequatur.','2023-06-27 17:08:13','2023-06-27 17:08:13',NULL);
/*!40000 ALTER TABLE `produtos_tamanhos` ENABLE KEYS */;
UNLOCK TABLES;

--
-- Table structure for table `status`
--

DROP TABLE IF EXISTS `status`;
/*!40101 SET @saved_cs_client     = @@character_set_client */;
/*!50503 SET character_set_client = utf8mb4 */;
CREATE TABLE `status` (
  `id_status` int(10) unsigned NOT NULL AUTO_INCREMENT,
  `status` varchar(191) COLLATE utf8mb4_unicode_ci NOT NULL,
  `created_at` timestamp NULL DEFAULT NULL,
  `updated_at` timestamp NULL DEFAULT NULL,
  `deleted_at` timestamp NULL DEFAULT NULL,
  PRIMARY KEY (`id_status`)
) ENGINE=MyISAM AUTO_INCREMENT=2 DEFAULT CHARSET=utf8mb4 COLLATE=utf8mb4_unicode_ci;
/*!40101 SET character_set_client = @saved_cs_client */;

--
-- Dumping data for table `status`
--

LOCK TABLES `status` WRITE;
/*!40000 ALTER TABLE `status` DISABLE KEYS */;
INSERT INTO `status` VALUES (1,'Novo','2023-06-20 19:24:00','2023-06-20 19:24:00',NULL);
/*!40000 ALTER TABLE `status` ENABLE KEYS */;
UNLOCK TABLES;

--
-- Table structure for table `tamanhos`
--

DROP TABLE IF EXISTS `tamanhos`;
/*!40101 SET @saved_cs_client     = @@character_set_client */;
/*!50503 SET character_set_client = utf8mb4 */;
CREATE TABLE `tamanhos` (
  `id_tamanho` int(10) unsigned NOT NULL AUTO_INCREMENT,
  `tamanho` varchar(191) COLLATE utf8mb4_unicode_ci NOT NULL,
  `created_at` timestamp NULL DEFAULT NULL,
  `updated_at` timestamp NULL DEFAULT NULL,
  `deleted_at` timestamp NULL DEFAULT NULL,
  PRIMARY KEY (`id_tamanho`)
) ENGINE=MyISAM AUTO_INCREMENT=2 DEFAULT CHARSET=utf8mb4 COLLATE=utf8mb4_unicode_ci;
/*!40101 SET character_set_client = @saved_cs_client */;

--
-- Dumping data for table `tamanhos`
--

LOCK TABLES `tamanhos` WRITE;
/*!40000 ALTER TABLE `tamanhos` DISABLE KEYS */;
INSERT INTO `tamanhos` VALUES (1,'Unico','2023-06-20 19:24:00','2023-06-20 19:24:00',NULL);
/*!40000 ALTER TABLE `tamanhos` ENABLE KEYS */;
UNLOCK TABLES;

--
-- Table structure for table `tipos_pagamentos`
--

DROP TABLE IF EXISTS `tipos_pagamentos`;
/*!40101 SET @saved_cs_client     = @@character_set_client */;
/*!50503 SET character_set_client = utf8mb4 */;
CREATE TABLE `tipos_pagamentos` (
  `id_tipo_pagamento` int(10) unsigned NOT NULL AUTO_INCREMENT,
  `tipo_pagamento` varchar(191) COLLATE utf8mb4_unicode_ci NOT NULL,
  `created_at` timestamp NULL DEFAULT NULL,
  `updated_at` timestamp NULL DEFAULT NULL,
  `deleted_at` timestamp NULL DEFAULT NULL,
  PRIMARY KEY (`id_tipo_pagamento`)
) ENGINE=MyISAM AUTO_INCREMENT=2 DEFAULT CHARSET=utf8mb4 COLLATE=utf8mb4_unicode_ci;
/*!40101 SET character_set_client = @saved_cs_client */;

--
-- Dumping data for table `tipos_pagamentos`
--

LOCK TABLES `tipos_pagamentos` WRITE;
/*!40000 ALTER TABLE `tipos_pagamentos` DISABLE KEYS */;
INSERT INTO `tipos_pagamentos` VALUES (1,'Não definido','2023-06-20 19:24:00','2023-06-20 19:24:00',NULL);
/*!40000 ALTER TABLE `tipos_pagamentos` ENABLE KEYS */;
UNLOCK TABLES;

--
-- Table structure for table `tipos_pedidos`
--

DROP TABLE IF EXISTS `tipos_pedidos`;
/*!40101 SET @saved_cs_client     = @@character_set_client */;
/*!50503 SET character_set_client = utf8mb4 */;
CREATE TABLE `tipos_pedidos` (
  `id_tipo_pedido` int(10) unsigned NOT NULL AUTO_INCREMENT,
  `tipo_pedido` varchar(191) COLLATE utf8mb4_unicode_ci NOT NULL,
  `created_at` timestamp NULL DEFAULT NULL,
  `updated_at` timestamp NULL DEFAULT NULL,
  `deleted_at` timestamp NULL DEFAULT NULL,
  PRIMARY KEY (`id_tipo_pedido`)
) ENGINE=MyISAM AUTO_INCREMENT=2 DEFAULT CHARSET=utf8mb4 COLLATE=utf8mb4_unicode_ci;
/*!40101 SET character_set_client = @saved_cs_client */;

--
-- Dumping data for table `tipos_pedidos`
--

LOCK TABLES `tipos_pedidos` WRITE;
/*!40000 ALTER TABLE `tipos_pedidos` DISABLE KEYS */;
INSERT INTO `tipos_pedidos` VALUES (1,'Não informado','2023-06-20 19:24:00','2023-06-20 19:24:00',NULL);
/*!40000 ALTER TABLE `tipos_pedidos` ENABLE KEYS */;
UNLOCK TABLES;

--
-- Table structure for table `tipos_produtos`
--

DROP TABLE IF EXISTS `tipos_produtos`;
/*!40101 SET @saved_cs_client     = @@character_set_client */;
/*!50503 SET character_set_client = utf8mb4 */;
CREATE TABLE `tipos_produtos` (
  `id_tipo_produto` int(10) unsigned NOT NULL AUTO_INCREMENT,
  `tipo_produto` varchar(191) COLLATE utf8mb4_unicode_ci NOT NULL,
  `created_at` timestamp NULL DEFAULT NULL,
  `updated_at` timestamp NULL DEFAULT NULL,
  `deleted_at` timestamp NULL DEFAULT NULL,
  PRIMARY KEY (`id_tipo_produto`)
) ENGINE=MyISAM AUTO_INCREMENT=2 DEFAULT CHARSET=utf8mb4 COLLATE=utf8mb4_unicode_ci;
/*!40101 SET character_set_client = @saved_cs_client */;

--
-- Dumping data for table `tipos_produtos`
--

LOCK TABLES `tipos_produtos` WRITE;
/*!40000 ALTER TABLE `tipos_produtos` DISABLE KEYS */;
INSERT INTO `tipos_produtos` VALUES (1,'Não informado','2023-06-20 19:24:00','2023-06-20 19:24:00',NULL);
/*!40000 ALTER TABLE `tipos_produtos` ENABLE KEYS */;
UNLOCK TABLES;

--
-- Table structure for table `users`
--

DROP TABLE IF EXISTS `users`;
/*!40101 SET @saved_cs_client     = @@character_set_client */;
/*!50503 SET character_set_client = utf8mb4 */;
CREATE TABLE `users` (
  `id` bigint(20) unsigned NOT NULL AUTO_INCREMENT,
  `nome` varchar(191) COLLATE utf8mb4_unicode_ci NOT NULL,
  `email` varchar(191) COLLATE utf8mb4_unicode_ci NOT NULL,
  `id_cargo` int(11) NOT NULL DEFAULT '1',
  `email_verified_at` timestamp NULL DEFAULT NULL,
  `password` varchar(191) COLLATE utf8mb4_unicode_ci NOT NULL,
  `remember_token` varchar(100) COLLATE utf8mb4_unicode_ci DEFAULT NULL,
  `created_at` timestamp NULL DEFAULT NULL,
  `updated_at` timestamp NULL DEFAULT NULL,
  `deleted_at` timestamp NULL DEFAULT NULL,
  PRIMARY KEY (`id`),
  UNIQUE KEY `users_email_unique` (`email`)
) ENGINE=MyISAM AUTO_INCREMENT=12 DEFAULT CHARSET=utf8mb4 COLLATE=utf8mb4_unicode_ci;
/*!40101 SET character_set_client = @saved_cs_client */;

--
-- Dumping data for table `users`
--

LOCK TABLES `users` WRITE;
/*!40000 ALTER TABLE `users` DISABLE KEYS */;
INSERT INTO `users` VALUES (1,'Thomas Melo','thomas.cmelo@sp.senac.br',1,NULL,'$2y$10$xvN.T8gw0Th.6aVUuwskZeLgYxCKJJCZYPGShHmokrv.5uQ/DR/U2','GDNjMPd0LiUiVvBnjuUHqpqxpVmsRhji71WsxDNUnh95itUyNe7bKNPL7TFQ','2023-06-15 18:56:01','2023-06-15 19:42:55',NULL),(2,'Lara Camacho','sofia64@example.com',1,'2023-06-20 19:47:40','$2y$10$92IXUNpkjO0rOQ5byMi.Ye4oKoEa3Ro9llC/.og/at2.uheWG/igi','WcJ5VUaUXU','2023-06-20 19:47:40','2023-06-20 19:47:40',NULL),(3,'Anderson Fábio Valência','samanta.garcia@example.net',1,'2023-06-20 19:47:40','$2y$10$92IXUNpkjO0rOQ5byMi.Ye4oKoEa3Ro9llC/.og/at2.uheWG/igi','BvwSyulKKs','2023-06-20 19:47:40','2023-06-20 19:47:40',NULL),(4,'Dr. Joyce Marques','maraisa99@example.net',1,'2023-06-20 19:47:40','$2y$10$92IXUNpkjO0rOQ5byMi.Ye4oKoEa3Ro9llC/.og/at2.uheWG/igi','Ml8j8Sr7VU','2023-06-20 19:47:40','2023-06-20 19:47:40',NULL),(5,'Sr. Nero Santos Zambrano Jr.','noeli03@example.org',1,'2023-06-20 19:47:40','$2y$10$92IXUNpkjO0rOQ5byMi.Ye4oKoEa3Ro9llC/.og/at2.uheWG/igi','BPoiSeiepI','2023-06-20 19:47:40','2023-06-20 19:47:40',NULL),(6,'Christian Grego Franco Filho','ian26@example.com',1,'2023-06-20 19:47:40','$2y$10$92IXUNpkjO0rOQ5byMi.Ye4oKoEa3Ro9llC/.og/at2.uheWG/igi','l188i5VKw5','2023-06-20 19:47:40','2023-06-20 19:47:40',NULL),(7,'Sra. Natália Barreto','ramos.dayane@example.net',1,'2023-06-20 19:47:40','$2y$10$92IXUNpkjO0rOQ5byMi.Ye4oKoEa3Ro9llC/.og/at2.uheWG/igi','XHOzjAj4R0','2023-06-20 19:47:40','2023-06-20 19:47:40',NULL),(8,'Milene Barros Neto','aguiar.louise@example.org',1,'2023-06-20 19:47:40','$2y$10$92IXUNpkjO0rOQ5byMi.Ye4oKoEa3Ro9llC/.og/at2.uheWG/igi','YaIikKOkqr','2023-06-20 19:47:40','2023-06-20 19:47:40',NULL),(9,'Sr. Robson Salazar Neto','hugo55@example.com',1,'2023-06-20 19:47:40','$2y$10$92IXUNpkjO0rOQ5byMi.Ye4oKoEa3Ro9llC/.og/at2.uheWG/igi','2cnTyQ8xth','2023-06-20 19:47:40','2023-06-20 19:47:40',NULL),(10,'Sr. Marcelo Estrada Ramires','rangel.bernardo@example.net',1,'2023-06-20 19:47:40','$2y$10$92IXUNpkjO0rOQ5byMi.Ye4oKoEa3Ro9llC/.og/at2.uheWG/igi','EP8mkrfmXn','2023-06-20 19:47:40','2023-06-20 19:47:40',NULL),(11,'Cláudio Rangel Neto','ypena@example.org',1,'2023-06-20 19:47:40','$2y$10$92IXUNpkjO0rOQ5byMi.Ye4oKoEa3Ro9llC/.og/at2.uheWG/igi','o0MnW1zX4p','2023-06-20 19:47:40','2023-06-20 19:47:40',NULL);
/*!40000 ALTER TABLE `users` ENABLE KEYS */;
UNLOCK TABLES;
/*!40103 SET TIME_ZONE=@OLD_TIME_ZONE */;

/*!40101 SET SQL_MODE=@OLD_SQL_MODE */;
/*!40014 SET FOREIGN_KEY_CHECKS=@OLD_FOREIGN_KEY_CHECKS */;
/*!40014 SET UNIQUE_CHECKS=@OLD_UNIQUE_CHECKS */;
/*!40101 SET CHARACTER_SET_CLIENT=@OLD_CHARACTER_SET_CLIENT */;
/*!40101 SET CHARACTER_SET_RESULTS=@OLD_CHARACTER_SET_RESULTS */;
/*!40101 SET COLLATION_CONNECTION=@OLD_COLLATION_CONNECTION */;
/*!40111 SET SQL_NOTES=@OLD_SQL_NOTES */;

-- Dump completed on 2023-07-21 14:35:48
